file,line,type,commit,author,date,time,timezone,datetime,depth,length
style.css,1,css,fef8bddb,Rishvik,2026-04-10,23:08:39,-07:00,2026-04-10T23:08:39-07:00,0,5
style.css,2,css,fef8bddb,Rishvik,2026-04-10,23:08:39,-07:00,2026-04-10T23:08:39-07:00,1,31
style.css,3,css,a38af537,Rishvik,2026-04-25,21:06:55,-07:00,2026-04-25T21:06:55-07:00,1,23
style.css,4,css,fef8bddb,Rishvik,2026-04-10,23:08:39,-07:00,2026-04-10T23:08:39-07:00,0,0
style.css,5,css,fef8bddb,Rishvik,2026-04-10,23:08:39,-07:00,2026-04-10T23:08:39-07:00,0,0
style.css,6,css,8f7d30c0,Rishvik,2026-04-03,23:06:22,-07:00,2026-04-03T23:06:22-07:00,0,4
style.css,7,css,fef8bddb,Rishvik,2026-04-10,23:08:39,-07:00,2026-04-10T23:08:39-07:00,1,32
style.css,8,css,8f7d30c0,Rishvik,2026-04-03,23:06:22,-07:00,2026-04-03T23:06:22-07:00,1,43
style.css,9,css,8f7d30c0,Rishvik,2026-04-03,23:06:22,-07:00,2026-04-03T23:06:22-07:00,0,42
style.css,10,css,8f7d30c0,Rishvik,2026-04-03,23:06:22,-07:00,2026-04-03T23:06:22-07:00,0,0
style.css,11,css,8f7d30c0,Rishvik,2026-04-03,23:06:22,-07:00,2026-04-03T23:06:22-07:00,1,23
style.css,12,css,fef8bddb,Rishvik,2026-04-10,23:08:39,-07:00,2026-04-10T23:08:39-07:00,1,15
style.css,13,css,fef8bddb,Rishvik,2026-04-10,23:08:39,-07:00,2026-04-10T23:08:39-07:00,1,18
style.css,14,css,fef8bddb,Rishvik,2026-04-10,23:08:39,-07:00,2026-04-10T23:08:39-07:00,1,18
style.css,15,css,fef8bddb,Rishvik,2026-04-10,23:08:39,-07:00,2026-04-10T23:08:39-07:00,1,17
style.css,16,css,fef8bddb,Rishvik,2026-04-10,23:08:39,-07:00,2026-04-10T23:08:39-07:00,0,0
style.css,17,css,fef8bddb,Rishvik,2026-04-10,23:08:39,-07:00,2026-04-10T23:08:39-07:00,0,0
style.css,18,css,fef8bddb,Rishvik,2026-04-10,23:08:39,-07:00,2026-04-10T23:08:39-07:00,0,1
style.css,19,css,fef8bddb,Rishvik,2026-04-10,23:08:39,-07:00,2026-04-10T23:08:39-07:00,0,1
style.css,20,css,fef8bddb,Rishvik,2026-04-10,23:08:39,-07:00,2026-04-10T23:08:39-07:00,0,1
style.css,21,css,fef8bddb,Rishvik,2026-04-10,23:08:39,-07:00,2026-04-10T23:08:39-07:00,0,1
style.css,22,css,fef8bddb,Rishvik,2026-04-10,23:08:39,-07:00,2026-04-10T23:08:39-07:00,0,1
style.css,23,css,fef8bddb,Rishvik,2026-04-10,23:08:39,-07:00,2026-04-10T23:08:39-07:00,0,2
style.css,24,css,fef8bddb,Rishvik,2026-04-10,23:08:39,-07:00,2026-04-10T23:08:39-07:00,1,15
style.css,25,css,fef8bddb,Rishvik,2026-04-10,23:08:39,-07:00,2026-04-10T23:08:39-07:00,1,17
style.css,26,css,fef8bddb,Rishvik,2026-04-10,23:08:39,-07:00,2026-04-10T23:08:39-07:00,0,0
style.css,27,css,fef8bddb,Rishvik,2026-04-10,23:08:39,-07:00,2026-04-10T23:08:39-07:00,0,0
style.css,28,css,fef8bddb,Rishvik,2026-04-10,23:08:39,-07:00,2026-04-10T23:08:39-07:00,0,2
style.css,29,css,fef8bddb,Rishvik,2026-04-10,23:08:39,-07:00,2026-04-10T23:08:39-07:00,1,14
style.css,30,css,fef8bddb,Rishvik,2026-04-10,23:08:39,-07:00,2026-04-10T23:08:39-07:00,0,0
style.css,31,css,fef8bddb,Rishvik,2026-04-10,23:08:39,-07:00,2026-04-10T23:08:39-07:00,0,0
style.css,32,css,fef8bddb,Rishvik,2026-04-10,23:08:39,-07:00,2026-04-10T23:08:39-07:00,0,3
style.css,33,css,a38af537,Rishvik,2026-04-25,21:06:55,-07:00,2026-04-25T21:06:55-07:00,1,39
style.css,34,css,fef8bddb,Rishvik,2026-04-10,23:08:39,-07:00,2026-04-10T23:08:39-07:00,1,12
style.css,35,css,fef8bddb,Rishvik,2026-04-10,23:08:39,-07:00,2026-04-10T23:08:39-07:00,1,17
style.css,36,css,a38af537,Rishvik,2026-04-25,21:06:55,-07:00,2026-04-25T21:06:55-07:00,1,43
style.css,37,css,fef8bddb,Rishvik,2026-04-10,23:08:39,-07:00,2026-04-10T23:08:39-07:00,0,0
style.css,38,css,fef8bddb,Rishvik,2026-04-10,23:08:39,-07:00,2026-04-10T23:08:39-07:00,0,0
style.css,39,css,fef8bddb,Rishvik,2026-04-10,23:08:39,-07:00,2026-04-10T23:08:39-07:00,0,6
style.css,40,css,fef8bddb,Rishvik,2026-04-10,23:08:39,-07:00,2026-04-10T23:08:39-07:00,1,16
style.css,41,css,fef8bddb,Rishvik,2026-04-10,23:08:39,-07:00,2026-04-10T23:08:39-07:00,0,0
style.css,42,css,fef8bddb,Rishvik,2026-04-10,23:08:39,-07:00,2026-04-10T23:08:39-07:00,0,0
style.css,43,css,fef8bddb,Rishvik,2026-04-10,23:08:39,-07:00,2026-04-10T23:08:39-07:00,0,6
style.css,44,css,fef8bddb,Rishvik,2026-04-10,23:08:39,-07:00,2026-04-10T23:08:39-07:00,1,16
style.css,45,css,fef8bddb,Rishvik,2026-04-10,23:08:39,-07:00,2026-04-10T23:08:39-07:00,0,0
style.css,46,css,fef8bddb,Rishvik,2026-04-10,23:08:39,-07:00,2026-04-10T23:08:39-07:00,0,0
style.css,47,css,fef8bddb,Rishvik,2026-04-10,23:08:39,-07:00,2026-04-10T23:08:39-07:00,0,5
style.css,48,css,fef8bddb,Rishvik,2026-04-10,23:08:39,-07:00,2026-04-10T23:08:39-07:00,1,6
style.css,49,css,fef8bddb,Rishvik,2026-04-10,23:08:39,-07:00,2026-04-10T23:08:39-07:00,1,20
style.css,50,css,fef8bddb,Rishvik,2026-04-10,23:08:39,-07:00,2026-04-10T23:08:39-07:00,1,13
style.css,51,css,fef8bddb,Rishvik,2026-04-10,23:08:39,-07:00,2026-04-10T23:08:39-07:00,1,17
style.css,52,css,fef8bddb,Rishvik,2026-04-10,23:08:39,-07:00,2026-04-10T23:08:39-07:00,1,13
style.css,53,css,fef8bddb,Rishvik,2026-04-10,23:08:39,-07:00,2026-04-10T23:08:39-07:00,1,37
style.css,54,css,fef8bddb,Rishvik,2026-04-10,23:08:39,-07:00,2026-04-10T23:08:39-07:00,1,20
style.css,55,css,fef8bddb,Rishvik,2026-04-10,23:08:39,-07:00,2026-04-10T23:08:39-07:00,0,0
style.css,56,css,fef8bddb,Rishvik,2026-04-10,23:08:39,-07:00,2026-04-10T23:08:39-07:00,0,0
style.css,57,css,fef8bddb,Rishvik,2026-04-10,23:08:39,-07:00,2026-04-10T23:08:39-07:00,0,11
style.css,58,css,fef8bddb,Rishvik,2026-04-10,23:08:39,-07:00,2026-04-10T23:08:39-07:00,1,39
style.css,59,css,a38af537,Rishvik,2026-04-25,21:06:55,-07:00,2026-04-25T21:06:55-07:00,1,69
style.css,60,css,fef8bddb,Rishvik,2026-04-10,23:08:39,-07:00,2026-04-10T23:08:39-07:00,0,0
style.css,61,css,fef8bddb,Rishvik,2026-04-10,23:08:39,-07:00,2026-04-10T23:08:39-07:00,0,0
style.css,62,css,fef8bddb,Rishvik,2026-04-10,23:08:39,-07:00,2026-04-10T23:08:39-07:00,0,13
style.css,63,css,a38af537,Rishvik,2026-04-25,21:06:55,-07:00,2026-04-25T21:06:55-07:00,1,45
style.css,64,css,fef8bddb,Rishvik,2026-04-10,23:08:39,-07:00,2026-04-10T23:08:39-07:00,1,20
style.css,65,css,fef8bddb,Rishvik,2026-04-10,23:08:39,-07:00,2026-04-10T23:08:39-07:00,0,0
style.css,66,css,fef8bddb,Rishvik,2026-04-10,23:08:39,-07:00,2026-04-10T23:08:39-07:00,0,0
style.css,67,css,fef8bddb,Rishvik,2026-04-10,23:08:39,-07:00,2026-04-10T23:08:39-07:00,0,4
style.css,68,css,fef8bddb,Rishvik,2026-04-10,23:08:39,-07:00,2026-04-10T23:08:39-07:00,0,7
style.css,69,css,a38af537,Rishvik,2026-04-25,21:06:55,-07:00,2026-04-25T21:06:55-07:00,0,5
style.css,70,css,a38af537,Rishvik,2026-04-25,21:06:55,-07:00,2026-04-25T21:06:55-07:00,0,6
style.css,71,css,fef8bddb,Rishvik,2026-04-10,23:08:39,-07:00,2026-04-10T23:08:39-07:00,1,12
style.css,72,css,fef8bddb,Rishvik,2026-04-10,23:08:39,-07:00,2026-04-10T23:08:39-07:00,1,21
style.css,73,css,fef8bddb,Rishvik,2026-04-10,23:08:39,-07:00,2026-04-10T23:08:39-07:00,0,0
style.css,74,css,fef8bddb,Rishvik,2026-04-10,23:08:39,-07:00,2026-04-10T23:08:39-07:00,0,0
style.css,75,css,a38af537,Rishvik,2026-04-25,21:06:55,-07:00,2026-04-25T21:06:55-07:00,0,13
style.css,76,css,a38af537,Rishvik,2026-04-25,21:06:55,-07:00,2026-04-25T21:06:55-07:00,1,17
style.css,77,css,a38af537,Rishvik,2026-04-25,21:06:55,-07:00,2026-04-25T21:06:55-07:00,1,8
style.css,78,css,a38af537,Rishvik,2026-04-25,21:06:55,-07:00,2026-04-25T21:06:55-07:00,1,10
style.css,79,css,a38af537,Rishvik,2026-04-25,21:06:55,-07:00,2026-04-25T21:06:55-07:00,1,13
style.css,80,css,a38af537,Rishvik,2026-04-25,21:06:55,-07:00,2026-04-25T21:06:55-07:00,1,12
style.css,81,css,a38af537,Rishvik,2026-04-25,21:06:55,-07:00,2026-04-25T21:06:55-07:00,1,9
style.css,82,css,a38af537,Rishvik,2026-04-25,21:06:55,-07:00,2026-04-25T21:06:55-07:00,1,18
style.css,83,css,a38af537,Rishvik,2026-04-25,21:06:55,-07:00,2026-04-25T21:06:55-07:00,0,0
style.css,84,css,a38af537,Rishvik,2026-04-25,21:06:55,-07:00,2026-04-25T21:06:55-07:00,0,0
style.css,85,css,fef8bddb,Rishvik,2026-04-10,23:08:39,-07:00,2026-04-10T23:08:39-07:00,0,4
style.css,86,css,fef8bddb,Rishvik,2026-04-10,23:08:39,-07:00,2026-04-10T23:08:39-07:00,1,12
style.css,87,css,fef8bddb,Rishvik,2026-04-10,23:08:39,-07:00,2026-04-10T23:08:39-07:00,1,30
style.css,88,css,fef8bddb,Rishvik,2026-04-10,23:08:39,-07:00,2026-04-10T23:08:39-07:00,1,7
style.css,89,css,fef8bddb,Rishvik,2026-04-10,23:08:39,-07:00,2026-04-10T23:08:39-07:00,0,0
style.css,90,css,fef8bddb,Rishvik,2026-04-10,23:08:39,-07:00,2026-04-10T23:08:39-07:00,0,0
style.css,91,css,fef8bddb,Rishvik,2026-04-10,23:08:39,-07:00,2026-04-10T23:08:39-07:00,0,10
style.css,92,css,fef8bddb,Rishvik,2026-04-10,23:08:39,-07:00,2026-04-10T23:08:39-07:00,1,12
style.css,93,css,fef8bddb,Rishvik,2026-04-10,23:08:39,-07:00,2026-04-10T23:08:39-07:00,1,29
style.css,94,css,fef8bddb,Rishvik,2026-04-10,23:08:39,-07:00,2026-04-10T23:08:39-07:00,1,18
style.css,95,css,fef8bddb,Rishvik,2026-04-10,23:08:39,-07:00,2026-04-10T23:08:39-07:00,1,17
style.css,96,css,fef8bddb,Rishvik,2026-04-10,23:08:39,-07:00,2026-04-10T23:08:39-07:00,0,0
style.css,97,css,fef8bddb,Rishvik,2026-04-10,23:08:39,-07:00,2026-04-10T23:08:39-07:00,0,0
style.css,98,css,fef8bddb,Rishvik,2026-04-10,23:08:39,-07:00,2026-04-10T23:08:39-07:00,0,11
style.css,99,css,fef8bddb,Rishvik,2026-04-10,23:08:39,-07:00,2026-04-10T23:08:39-07:00,1,18
style.css,100,css,fef8bddb,Rishvik,2026-04-10,23:08:39,-07:00,2026-04-10T23:08:39-07:00,0,0
style.css,101,css,fef8bddb,Rishvik,2026-04-10,23:08:39,-07:00,2026-04-10T23:08:39-07:00,0,0
style.css,102,css,fef8bddb,Rishvik,2026-04-10,23:08:39,-07:00,2026-04-10T23:08:39-07:00,0,9
style.css,103,css,fef8bddb,Rishvik,2026-04-10,23:08:39,-07:00,2026-04-10T23:08:39-07:00,0,13
style.css,104,css,fef8bddb,Rishvik,2026-04-10,23:08:39,-07:00,2026-04-10T23:08:39-07:00,1,10
style.css,105,css,fef8bddb,Rishvik,2026-04-10,23:08:39,-07:00,2026-04-10T23:08:39-07:00,0,0
style.css,106,css,fef8bddb,Rishvik,2026-04-10,23:08:39,-07:00,2026-04-10T23:08:39-07:00,0,0
style.css,107,css,123df006,Rishvik,2026-04-10,23:13:53,-07:00,2026-04-10T23:13:53-07:00,0,21
style.css,108,css,123df006,Rishvik,2026-04-10,23:13:53,-07:00,2026-04-10T23:13:53-07:00,1,22
style.css,109,css,123df006,Rishvik,2026-04-10,23:13:53,-07:00,2026-04-10T23:13:53-07:00,0,0
style.css,110,css,123df006,Rishvik,2026-04-10,23:13:53,-07:00,2026-04-10T23:13:53-07:00,0,0
style.css,111,css,123df006,Rishvik,2026-04-10,23:13:53,-07:00,2026-04-10T23:13:53-07:00,0,24
style.css,112,css,123df006,Rishvik,2026-04-10,23:13:53,-07:00,2026-04-10T23:13:53-07:00,1,15
style.css,113,css,123df006,Rishvik,2026-04-10,23:13:53,-07:00,2026-04-10T23:13:53-07:00,1,21
style.css,114,css,123df006,Rishvik,2026-04-10,23:13:53,-07:00,2026-04-10T23:13:53-07:00,1,37
style.css,115,css,123df006,Rishvik,2026-04-10,23:13:53,-07:00,2026-04-10T23:13:53-07:00,0,0
style.css,116,css,123df006,Rishvik,2026-04-10,23:13:53,-07:00,2026-04-10T23:13:53-07:00,0,0
style.css,117,css,123df006,Rishvik,2026-04-10,23:13:53,-07:00,2026-04-10T23:13:53-07:00,0,14
style.css,118,css,123df006,Rishvik,2026-04-10,23:13:53,-07:00,2026-04-10T23:13:53-07:00,1,8
style.css,119,css,123df006,Rishvik,2026-04-10,23:13:53,-07:00,2026-04-10T23:13:53-07:00,1,17
style.css,120,css,123df006,Rishvik,2026-04-10,23:13:53,-07:00,2026-04-10T23:13:53-07:00,1,25
style.css,121,css,123df006,Rishvik,2026-04-10,23:13:53,-07:00,2026-04-10T23:13:53-07:00,0,0
style.css,122,css,123df006,Rishvik,2026-04-10,23:13:53,-07:00,2026-04-10T23:13:53-07:00,0,0
style.css,123,css,a38af537,Rishvik,2026-04-25,21:06:55,-07:00,2026-04-25T21:06:55-07:00,0,9
style.css,124,css,fef8bddb,Rishvik,2026-04-10,23:08:39,-07:00,2026-04-10T23:08:39-07:00,1,12
style.css,125,css,123df006,Rishvik,2026-04-10,23:13:53,-07:00,2026-04-10T23:13:53-07:00,1,25
style.css,126,css,fef8bddb,Rishvik,2026-04-10,23:08:39,-07:00,2026-04-10T23:08:39-07:00,1,42
style.css,127,css,123df006,Rishvik,2026-04-10,23:13:53,-07:00,2026-04-10T23:13:53-07:00,1,9
style.css,128,css,123df006,Rishvik,2026-04-10,23:13:53,-07:00,2026-04-10T23:13:53-07:00,0,0
style.css,129,css,123df006,Rishvik,2026-04-10,23:13:53,-07:00,2026-04-10T23:13:53-07:00,0,0
style.css,130,css,123df006,Rishvik,2026-04-10,23:13:53,-07:00,2026-04-10T23:13:53-07:00,0,24
style.css,131,css,a38af537,Rishvik,2026-04-25,21:06:55,-07:00,2026-04-25T21:06:55-07:00,1,9
style.css,132,css,123df006,Rishvik,2026-04-10,23:13:53,-07:00,2026-04-10T23:13:53-07:00,2,36
style.css,133,css,123df006,Rishvik,2026-04-10,23:13:53,-07:00,2026-04-10T23:13:53-07:00,1,0
style.css,134,css,fef8bddb,Rishvik,2026-04-10,23:08:39,-07:00,2026-04-10T23:08:39-07:00,0,0
style.css,135,css,fef8bddb,Rishvik,2026-04-10,23:08:39,-07:00,2026-04-10T23:08:39-07:00,0,0
style.css,136,css,123df006,Rishvik,2026-04-10,23:13:53,-07:00,2026-04-10T23:13:53-07:00,0,24
style.css,137,css,a38af537,Rishvik,2026-04-25,21:06:55,-07:00,2026-04-25T21:06:55-07:00,1,9
style.css,138,css,123df006,Rishvik,2026-04-10,23:13:53,-07:00,2026-04-10T23:13:53-07:00,2,36
style.css,139,css,123df006,Rishvik,2026-04-10,23:13:53,-07:00,2026-04-10T23:13:53-07:00,1,0
style.css,140,css,123df006,Rishvik,2026-04-10,23:13:53,-07:00,2026-04-10T23:13:53-07:00,0,0
style.css,141,css,123df006,Rishvik,2026-04-10,23:13:53,-07:00,2026-04-10T23:13:53-07:00,0,0
style.css,142,css,a38af537,Rishvik,2026-04-25,21:06:55,-07:00,2026-04-25T21:06:55-07:00,0,23
style.css,143,css,fef8bddb,Rishvik,2026-04-10,23:08:39,-07:00,2026-04-10T23:08:39-07:00,1,12
style.css,144,css,fef8bddb,Rishvik,2026-04-10,23:08:39,-07:00,2026-04-10T23:08:39-07:00,1,26
style.css,145,css,fef8bddb,Rishvik,2026-04-10,23:08:39,-07:00,2026-04-10T23:08:39-07:00,1,15
style.css,146,css,123df006,Rishvik,2026-04-10,23:13:53,-07:00,2026-04-10T23:13:53-07:00,1,8
style.css,147,css,123df006,Rishvik,2026-04-10,23:13:53,-07:00,2026-04-10T23:13:53-07:00,1,12
style.css,148,css,123df006,Rishvik,2026-04-10,23:13:53,-07:00,2026-04-10T23:13:53-07:00,1,26
style.css,149,css,123df006,Rishvik,2026-04-10,23:13:53,-07:00,2026-04-10T23:13:53-07:00,1,34
style.css,150,css,123df006,Rishvik,2026-04-10,23:13:53,-07:00,2026-04-10T23:13:53-07:00,1,20
style.css,151,css,123df006,Rishvik,2026-04-10,23:13:53,-07:00,2026-04-10T23:13:53-07:00,1,9
style.css,152,css,123df006,Rishvik,2026-04-10,23:13:53,-07:00,2026-04-10T23:13:53-07:00,2,29
style.css,153,css,123df006,Rishvik,2026-04-10,23:13:53,-07:00,2026-04-10T23:13:53-07:00,2,30
style.css,154,css,fef8bddb,Rishvik,2026-04-10,23:08:39,-07:00,2026-04-10T23:08:39-07:00,0,0
style.css,155,css,fef8bddb,Rishvik,2026-04-10,23:08:39,-07:00,2026-04-10T23:08:39-07:00,0,0
style.css,156,css,a38af537,Rishvik,2026-04-25,21:06:55,-07:00,2026-04-25T21:06:55-07:00,0,25
style.css,157,css,a38af537,Rishvik,2026-04-25,21:06:55,-07:00,2026-04-25T21:06:55-07:00,0,26
style.css,158,css,fef8bddb,Rishvik,2026-04-10,23:08:39,-07:00,2026-04-10T23:08:39-07:00,1,8
style.css,159,css,123df006,Rishvik,2026-04-10,23:13:53,-07:00,2026-04-10T23:13:53-07:00,1,16
style.css,160,css,123df006,Rishvik,2026-04-10,23:13:53,-07:00,2026-04-10T23:13:53-07:00,1,15
style.css,161,css,123df006,Rishvik,2026-04-10,23:13:53,-07:00,2026-04-10T23:13:53-07:00,1,15
style.css,162,css,fef8bddb,Rishvik,2026-04-10,23:08:39,-07:00,2026-04-10T23:08:39-07:00,0,0
style.css,163,css,fef8bddb,Rishvik,2026-04-10,23:08:39,-07:00,2026-04-10T23:08:39-07:00,0,0
style.css,164,css,a38af537,Rishvik,2026-04-25,21:06:55,-07:00,2026-04-25T21:06:55-07:00,0,27
style.css,165,css,a38af537,Rishvik,2026-04-25,21:06:55,-07:00,2026-04-25T21:06:55-07:00,1,10
style.css,166,css,a38af537,Rishvik,2026-04-25,21:06:55,-07:00,2026-04-25T21:06:55-07:00,1,11
style.css,167,css,123df006,Rishvik,2026-04-10,23:13:53,-07:00,2026-04-10T23:13:53-07:00,1,15
style.css,168,css,a38af537,Rishvik,2026-04-25,21:06:55,-07:00,2026-04-25T21:06:55-07:00,1,16
style.css,169,css,123df006,Rishvik,2026-04-10,23:13:53,-07:00,2026-04-10T23:13:53-07:00,1,30
style.css,170,css,123df006,Rishvik,2026-04-10,23:13:53,-07:00,2026-04-10T23:13:53-07:00,1,36
style.css,171,css,123df006,Rishvik,2026-04-10,23:13:53,-07:00,2026-04-10T23:13:53-07:00,1,20
style.css,172,css,123df006,Rishvik,2026-04-10,23:13:53,-07:00,2026-04-10T23:13:53-07:00,0,0
style.css,173,css,123df006,Rishvik,2026-04-10,23:13:53,-07:00,2026-04-10T23:13:53-07:00,0,0
style.css,174,css,fc150b8d,Rishvik,2026-05-02,23:04:03,-07:00,2026-05-02T23:04:03-07:00,0,37
style.css,175,css,fc150b8d,Rishvik,2026-05-02,23:04:03,-07:00,2026-05-02T23:04:03-07:00,1,13
style.css,176,css,fc150b8d,Rishvik,2026-05-02,23:04:03,-07:00,2026-05-02T23:04:03-07:00,0,0
style.css,177,css,fc150b8d,Rishvik,2026-05-02,23:04:03,-07:00,2026-05-02T23:04:03-07:00,0,0
style.css,178,css,fc150b8d,Rishvik,2026-05-02,23:04:03,-07:00,2026-05-02T23:04:03-07:00,0,41
style.css,179,css,123df006,Rishvik,2026-04-10,23:13:53,-07:00,2026-04-10T23:13:53-07:00,1,8
style.css,180,css,123df006,Rishvik,2026-04-10,23:13:53,-07:00,2026-04-10T23:13:53-07:00,1,15
style.css,181,css,123df006,Rishvik,2026-04-10,23:13:53,-07:00,2026-04-10T23:13:53-07:00,1,25
style.css,182,css,fef8bddb,Rishvik,2026-04-10,23:08:39,-07:00,2026-04-10T23:08:39-07:00,0,0
style.css,183,css,fef8bddb,Rishvik,2026-04-10,23:08:39,-07:00,2026-04-10T23:08:39-07:00,0,0
style.css,184,css,fc150b8d,Rishvik,2026-05-02,23:04:03,-07:00,2026-05-02T23:04:03-07:00,0,37
style.css,185,css,fc150b8d,Rishvik,2026-05-02,23:04:03,-07:00,2026-05-02T23:04:03-07:00,1,25
style.css,186,css,fc150b8d,Rishvik,2026-05-02,23:04:03,-07:00,2026-05-02T23:04:03-07:00,1,49
style.css,187,css,fc150b8d,Rishvik,2026-05-02,23:04:03,-07:00,2026-05-02T23:04:03-07:00,1,34
style.css,188,css,fc150b8d,Rishvik,2026-05-02,23:04:03,-07:00,2026-05-02T23:04:03-07:00,1,25
style.css,189,css,fc150b8d,Rishvik,2026-05-02,23:04:03,-07:00,2026-05-02T23:04:03-07:00,1,17
style.css,190,css,fc150b8d,Rishvik,2026-05-02,23:04:03,-07:00,2026-05-02T23:04:03-07:00,0,0
style.css,191,css,fc150b8d,Rishvik,2026-05-02,23:04:03,-07:00,2026-05-02T23:04:03-07:00,0,0
style.css,192,css,fc150b8d,Rishvik,2026-05-02,23:04:03,-07:00,2026-05-02T23:04:03-07:00,0,22
style.css,193,css,fc150b8d,Rishvik,2026-05-02,23:04:03,-07:00,2026-05-02T23:04:03-07:00,1,12
style.css,194,css,fc150b8d,Rishvik,2026-05-02,23:04:03,-07:00,2026-05-02T23:04:03-07:00,1,14
style.css,195,css,fc150b8d,Rishvik,2026-05-02,23:04:03,-07:00,2026-05-02T23:04:03-07:00,1,18
style.css,196,css,fc150b8d,Rishvik,2026-05-02,23:04:03,-07:00,2026-05-02T23:04:03-07:00,1,10
style.css,197,css,fc150b8d,Rishvik,2026-05-02,23:04:03,-07:00,2026-05-02T23:04:03-07:00,1,18
style.css,198,css,fc150b8d,Rishvik,2026-05-02,23:04:03,-07:00,2026-05-02T23:04:03-07:00,0,0
style.css,199,css,fc150b8d,Rishvik,2026-05-02,23:04:03,-07:00,2026-05-02T23:04:03-07:00,0,0
style.css,200,css,fc150b8d,Rishvik,2026-05-02,23:04:03,-07:00,2026-05-02T23:04:03-07:00,0,18
style.css,201,css,fc150b8d,Rishvik,2026-05-02,23:04:03,-07:00,2026-05-02T23:04:03-07:00,1,14
style.css,202,css,fc150b8d,Rishvik,2026-05-02,23:04:03,-07:00,2026-05-02T23:04:03-07:00,1,13
style.css,203,css,fc150b8d,Rishvik,2026-05-02,23:04:03,-07:00,2026-05-02T23:04:03-07:00,1,16
style.css,204,css,fc150b8d,Rishvik,2026-05-02,23:04:03,-07:00,2026-05-02T23:04:03-07:00,0,0
style.css,205,css,fc150b8d,Rishvik,2026-05-02,23:04:03,-07:00,2026-05-02T23:04:03-07:00,0,0
style.css,206,css,fc150b8d,Rishvik,2026-05-02,23:04:03,-07:00,2026-05-02T23:04:03-07:00,0,51
style.css,207,css,fc150b8d,Rishvik,2026-05-02,23:04:03,-07:00,2026-05-02T23:04:03-07:00,1,11
style.css,208,css,fc150b8d,Rishvik,2026-05-02,23:04:03,-07:00,2026-05-02T23:04:03-07:00,0,0
style.css,209,css,fc150b8d,Rishvik,2026-05-02,23:04:03,-07:00,2026-05-02T23:04:03-07:00,0,0
style.css,210,css,fc150b8d,Rishvik,2026-05-02,23:04:03,-07:00,2026-05-02T23:04:03-07:00,0,23
style.css,211,css,fc150b8d,Rishvik,2026-05-02,23:04:03,-07:00,2026-05-02T23:04:03-07:00,1,14
style.css,212,css,fc150b8d,Rishvik,2026-05-02,23:04:03,-07:00,2026-05-02T23:04:03-07:00,1,16
style.css,213,css,fc150b8d,Rishvik,2026-05-02,23:04:03,-07:00,2026-05-02T23:04:03-07:00,0,0
style.css,214,css,fc150b8d,Rishvik,2026-05-02,23:04:03,-07:00,2026-05-02T23:04:03-07:00,0,0
style.css,215,css,fc150b8d,Rishvik,2026-05-02,23:04:03,-07:00,2026-05-02T23:04:03-07:00,0,9
style.css,216,css,fc150b8d,Rishvik,2026-05-02,23:04:03,-07:00,2026-05-02T23:04:03-07:00,1,35
style.css,217,css,fc150b8d,Rishvik,2026-05-02,23:04:03,-07:00,2026-05-02T23:04:03-07:00,0,0
style.css,218,css,fc150b8d,Rishvik,2026-05-02,23:04:03,-07:00,2026-05-02T23:04:03-07:00,0,0
style.css,219,css,fc150b8d,Rishvik,2026-05-02,23:04:03,-07:00,2026-05-02T23:04:03-07:00,0,18
style.css,220,css,fc150b8d,Rishvik,2026-05-02,23:04:03,-07:00,2026-05-02T23:04:03-07:00,1,17
style.css,221,css,fc150b8d,Rishvik,2026-05-02,23:04:03,-07:00,2026-05-02T23:04:03-07:00,0,0
style.css,222,css,fc150b8d,Rishvik,2026-05-02,23:04:03,-07:00,2026-05-02T23:04:03-07:00,0,0
style.css,223,css,fc150b8d,Rishvik,2026-05-02,23:04:03,-07:00,2026-05-02T23:04:03-07:00,0,9
style.css,224,css,fc150b8d,Rishvik,2026-05-02,23:04:03,-07:00,2026-05-02T23:04:03-07:00,1,12
style.css,225,css,fc150b8d,Rishvik,2026-05-02,23:04:03,-07:00,2026-05-02T23:04:03-07:00,1,57
style.css,226,css,fc150b8d,Rishvik,2026-05-02,23:04:03,-07:00,2026-05-02T23:04:03-07:00,1,14
style.css,227,css,fc150b8d,Rishvik,2026-05-02,23:04:03,-07:00,2026-05-02T23:04:03-07:00,1,6
style.css,228,css,fc150b8d,Rishvik,2026-05-02,23:04:03,-07:00,2026-05-02T23:04:03-07:00,1,25
style.css,229,css,fc150b8d,Rishvik,2026-05-02,23:04:03,-07:00,2026-05-02T23:04:03-07:00,1,15
style.css,230,css,fc150b8d,Rishvik,2026-05-02,23:04:03,-07:00,2026-05-02T23:04:03-07:00,1,8
style.css,231,css,fc150b8d,Rishvik,2026-05-02,23:04:03,-07:00,2026-05-02T23:04:03-07:00,1,11
style.css,232,css,fc150b8d,Rishvik,2026-05-02,23:04:03,-07:00,2026-05-02T23:04:03-07:00,1,36
style.css,233,css,fc150b8d,Rishvik,2026-05-02,23:04:03,-07:00,2026-05-02T23:04:03-07:00,1,20
style.css,234,css,fc150b8d,Rishvik,2026-05-02,23:04:03,-07:00,2026-05-02T23:04:03-07:00,0,0
style.css,235,css,fc150b8d,Rishvik,2026-05-02,23:04:03,-07:00,2026-05-02T23:04:03-07:00,0,0
style.css,236,css,fc150b8d,Rishvik,2026-05-02,23:04:03,-07:00,2026-05-02T23:04:03-07:00,0,11
style.css,237,css,fc150b8d,Rishvik,2026-05-02,23:04:03,-07:00,2026-05-02T23:04:03-07:00,1,12
style.css,238,css,fc150b8d,Rishvik,2026-05-02,23:04:03,-07:00,2026-05-02T23:04:03-07:00,1,18
style.css,239,css,fc150b8d,Rishvik,2026-05-02,23:04:03,-07:00,2026-05-02T23:04:03-07:00,1,10
style.css,240,css,fc150b8d,Rishvik,2026-05-02,23:04:03,-07:00,2026-05-02T23:04:03-07:00,1,14
style.css,241,css,fc150b8d,Rishvik,2026-05-02,23:04:03,-07:00,2026-05-02T23:04:03-07:00,0,0
style.css,242,css,fc150b8d,Rishvik,2026-05-02,23:04:03,-07:00,2026-05-02T23:04:03-07:00,0,0
style.css,243,css,fc150b8d,Rishvik,2026-05-02,23:04:03,-07:00,2026-05-02T23:04:03-07:00,0,19
style.css,244,css,fc150b8d,Rishvik,2026-05-02,23:04:03,-07:00,2026-05-02T23:04:03-07:00,1,20
style.css,245,css,fc150b8d,Rishvik,2026-05-02,23:04:03,-07:00,2026-05-02T23:04:03-07:00,1,12
style.css,246,css,fc150b8d,Rishvik,2026-05-02,23:04:03,-07:00,2026-05-02T23:04:03-07:00,1,14
style.css,247,css,fc150b8d,Rishvik,2026-05-02,23:04:03,-07:00,2026-05-02T23:04:03-07:00,1,20
style.css,248,css,fc150b8d,Rishvik,2026-05-02,23:04:03,-07:00,2026-05-02T23:04:03-07:00,1,29
style.css,249,css,fc150b8d,Rishvik,2026-05-02,23:04:03,-07:00,2026-05-02T23:04:03-07:00,1,13
style.css,250,css,fc150b8d,Rishvik,2026-05-02,23:04:03,-07:00,2026-05-02T23:04:03-07:00,0,0
style.css,251,css,fc150b8d,Rishvik,2026-05-02,23:04:03,-07:00,2026-05-02T23:04:03-07:00,0,0
style.css,252,css,fc150b8d,Rishvik,2026-05-02,23:04:03,-07:00,2026-05-02T23:04:03-07:00,0,10
style.css,253,css,fc150b8d,Rishvik,2026-05-02,23:04:03,-07:00,2026-05-02T23:04:03-07:00,1,10
style.css,254,css,fc150b8d,Rishvik,2026-05-02,23:04:03,-07:00,2026-05-02T23:04:03-07:00,1,15
style.css,255,css,fc150b8d,Rishvik,2026-05-02,23:04:03,-07:00,2026-05-02T23:04:03-07:00,1,23
style.css,256,css,fc150b8d,Rishvik,2026-05-02,23:04:03,-07:00,2026-05-02T23:04:03-07:00,1,20
style.css,257,css,fc150b8d,Rishvik,2026-05-02,23:04:03,-07:00,2026-05-02T23:04:03-07:00,1,12
style.css,258,css,fc150b8d,Rishvik,2026-05-02,23:04:03,-07:00,2026-05-02T23:04:03-07:00,1,21
style.css,259,css,fc150b8d,Rishvik,2026-05-02,23:04:03,-07:00,2026-05-02T23:04:03-07:00,0,0
style.css,260,css,fc150b8d,Rishvik,2026-05-02,23:04:03,-07:00,2026-05-02T23:04:03-07:00,0,0
style.css,261,css,a38af537,Rishvik,2026-04-25,21:06:55,-07:00,2026-04-25T21:06:55-07:00,0,17
style.css,262,css,a38af537,Rishvik,2026-04-25,21:06:55,-07:00,2026-04-25T21:06:55-07:00,1,12
style.css,263,css,a38af537,Rishvik,2026-04-25,21:06:55,-07:00,2026-04-25T21:06:55-07:00,1,36
style.css,264,css,a38af537,Rishvik,2026-04-25,21:06:55,-07:00,2026-04-25T21:06:55-07:00,1,8
style.css,265,css,a38af537,Rishvik,2026-04-25,21:06:55,-07:00,2026-04-25T21:06:55-07:00,1,15
style.css,266,css,a38af537,Rishvik,2026-04-25,21:06:55,-07:00,2026-04-25T21:06:55-07:00,1,12
style.css,267,css,a38af537,Rishvik,2026-04-25,21:06:55,-07:00,2026-04-25T21:06:55-07:00,1,36
style.css,268,css,a38af537,Rishvik,2026-04-25,21:06:55,-07:00,2026-04-25T21:06:55-07:00,1,20
style.css,269,css,a38af537,Rishvik,2026-04-25,21:06:55,-07:00,2026-04-25T21:06:55-07:00,0,0
style.css,270,css,a38af537,Rishvik,2026-04-25,21:06:55,-07:00,2026-04-25T21:06:55-07:00,0,0
style.css,271,css,a38af537,Rishvik,2026-04-25,21:06:55,-07:00,2026-04-25T21:06:55-07:00,0,17
style.css,272,css,a38af537,Rishvik,2026-04-25,21:06:55,-07:00,2026-04-25T21:06:55-07:00,1,10
style.css,273,css,a38af537,Rishvik,2026-04-25,21:06:55,-07:00,2026-04-25T21:06:55-07:00,1,8
style.css,274,css,a38af537,Rishvik,2026-04-25,21:06:55,-07:00,2026-04-25T21:06:55-07:00,1,15
style.css,275,css,a38af537,Rishvik,2026-04-25,21:06:55,-07:00,2026-04-25T21:06:55-07:00,0,0
style.css,276,css,a38af537,Rishvik,2026-04-25,21:06:55,-07:00,2026-04-25T21:06:55-07:00,0,0
style.css,277,css,a38af537,Rishvik,2026-04-25,21:06:55,-07:00,2026-04-25T21:06:55-07:00,0,17
style.css,278,css,a38af537,Rishvik,2026-04-25,21:06:55,-07:00,2026-04-25T21:06:55-07:00,1,10
style.css,279,css,a38af537,Rishvik,2026-04-25,21:06:55,-07:00,2026-04-25T21:06:55-07:00,1,8
style.css,280,css,a38af537,Rishvik,2026-04-25,21:06:55,-07:00,2026-04-25T21:06:55-07:00,1,17
style.css,281,css,a38af537,Rishvik,2026-04-25,21:06:55,-07:00,2026-04-25T21:06:55-07:00,0,0
style.css,282,css,a38af537,Rishvik,2026-04-25,21:06:55,-07:00,2026-04-25T21:06:55-07:00,0,0
style.css,283,css,fef8bddb,Rishvik,2026-04-10,23:08:39,-07:00,2026-04-10T23:08:39-07:00,0,13
style.css,284,css,fef8bddb,Rishvik,2026-04-10,23:08:39,-07:00,2026-04-10T23:08:39-07:00,1,49
style.css,285,css,fef8bddb,Rishvik,2026-04-10,23:08:39,-07:00,2026-04-10T23:08:39-07:00,1,24
style.css,286,css,fef8bddb,Rishvik,2026-04-10,23:08:39,-07:00,2026-04-10T23:08:39-07:00,1,20
style.css,287,css,fef8bddb,Rishvik,2026-04-10,23:08:39,-07:00,2026-04-10T23:08:39-07:00,0,0
style.css,288,css,fef8bddb,Rishvik,2026-04-10,23:08:39,-07:00,2026-04-10T23:08:39-07:00,0,0
style.css,289,css,fef8bddb,Rishvik,2026-04-10,23:08:39,-07:00,2026-04-10T23:08:39-07:00,0,9
style.css,290,css,fef8bddb,Rishvik,2026-04-10,23:08:39,-07:00,2026-04-10T23:08:39-07:00,0,10
style.css,291,css,a38af537,Rishvik,2026-04-25,21:06:55,-07:00,2026-04-25T21:06:55-07:00,0,15
style.css,292,css,a38af537,Rishvik,2026-04-25,21:06:55,-07:00,2026-04-25T21:06:55-07:00,0,14
style.css,293,css,fef8bddb,Rishvik,2026-04-10,23:08:39,-07:00,2026-04-10T23:08:39-07:00,0,8
style.css,294,css,fef8bddb,Rishvik,2026-04-10,23:08:39,-07:00,2026-04-10T23:08:39-07:00,0,7
style.css,295,css,fef8bddb,Rishvik,2026-04-10,23:08:39,-07:00,2026-04-10T23:08:39-07:00,1,16
style.css,296,css,fef8bddb,Rishvik,2026-04-10,23:08:39,-07:00,2026-04-10T23:08:39-07:00,0,0
style.css,297,css,fef8bddb,Rishvik,2026-04-10,23:08:39,-07:00,2026-04-10T23:08:39-07:00,0,0
style.css,298,css,fef8bddb,Rishvik,2026-04-10,23:08:39,-07:00,2026-04-10T23:08:39-07:00,0,17
style.css,299,css,fef8bddb,Rishvik,2026-04-10,23:08:39,-07:00,2026-04-10T23:08:39-07:00,0,19
style.css,300,css,fef8bddb,Rishvik,2026-04-10,23:08:39,-07:00,2026-04-10T23:08:39-07:00,1,16
style.css,301,css,fef8bddb,Rishvik,2026-04-10,23:08:39,-07:00,2026-04-10T23:08:39-07:00,1,11
style.css,302,css,fef8bddb,Rishvik,2026-04-10,23:08:39,-07:00,2026-04-10T23:08:39-07:00,1,34
style.css,303,css,fef8bddb,Rishvik,2026-04-10,23:08:39,-07:00,2026-04-10T23:08:39-07:00,1,20
style.css,304,css,fef8bddb,Rishvik,2026-04-10,23:08:39,-07:00,2026-04-10T23:08:39-07:00,0,0
style.css,305,css,fef8bddb,Rishvik,2026-04-10,23:08:39,-07:00,2026-04-10T23:08:39-07:00,0,0
style.css,306,css,fef8bddb,Rishvik,2026-04-10,23:08:39,-07:00,2026-04-10T23:08:39-07:00,0,10
style.css,307,css,fef8bddb,Rishvik,2026-04-10,23:08:39,-07:00,2026-04-10T23:08:39-07:00,1,27
style.css,308,css,fef8bddb,Rishvik,2026-04-10,23:08:39,-07:00,2026-04-10T23:08:39-07:00,0,0
style.css,309,css,00000000,Not Committed Yet,2026-05-09,23:51:44,-07:00,2026-05-09T23:51:44-07:00,0,0
style.css,310,css,00000000,Not Committed Yet,2026-05-09,23:51:44,-07:00,2026-05-09T23:51:44-07:00,0,5
style.css,311,css,00000000,Not Committed Yet,2026-05-09,23:51:44,-07:00,2026-05-09T23:51:44-07:00,1,18
style.css,312,css,00000000,Not Committed Yet,2026-05-09,23:51:44,-07:00,2026-05-09T23:51:44-07:00,0,0
style.css,313,css,00000000,Not Committed Yet,2026-05-09,23:51:44,-07:00,2026-05-09T23:51:44-07:00,0,0
style.css,314,css,00000000,Not Committed Yet,2026-05-09,23:51:44,-07:00,2026-05-09T23:51:44-07:00,0,6
style.css,315,css,00000000,Not Committed Yet,2026-05-09,23:51:44,-07:00,2026-05-09T23:51:44-07:00,1,12
style.css,316,css,00000000,Not Committed Yet,2026-05-09,23:51:44,-07:00,2026-05-09T23:51:44-07:00,1,56
style.css,317,css,00000000,Not Committed Yet,2026-05-09,23:51:44,-07:00,2026-05-09T23:51:44-07:00,1,16
style.css,318,css,00000000,Not Committed Yet,2026-05-09,23:51:44,-07:00,2026-05-09T23:51:44-07:00,1,18
style.css,319,css,00000000,Not Committed Yet,2026-05-09,23:51:44,-07:00,2026-05-09T23:51:44-07:00,1,18
style.css,320,css,00000000,Not Committed Yet,2026-05-09,23:51:44,-07:00,2026-05-09T23:51:44-07:00,1,36
style.css,321,css,00000000,Not Committed Yet,2026-05-09,23:51:44,-07:00,2026-05-09T23:51:44-07:00,1,20
style.css,322,css,00000000,Not Committed Yet,2026-05-09,23:51:44,-07:00,2026-05-09T23:51:44-07:00,0,0
style.css,323,css,00000000,Not Committed Yet,2026-05-09,23:51:44,-07:00,2026-05-09T23:51:44-07:00,0,0
style.css,324,css,00000000,Not Committed Yet,2026-05-09,23:51:44,-07:00,2026-05-09T23:51:44-07:00,0,9
style.css,325,css,00000000,Not Committed Yet,2026-05-09,23:51:44,-07:00,2026-05-09T23:51:44-07:00,1,8
style.css,326,css,00000000,Not Committed Yet,2026-05-09,23:51:44,-07:00,2026-05-09T23:51:44-07:00,1,17
style.css,327,css,00000000,Not Committed Yet,2026-05-09,23:51:44,-07:00,2026-05-09T23:51:44-07:00,1,24
style.css,328,css,00000000,Not Committed Yet,2026-05-09,23:51:44,-07:00,2026-05-09T23:51:44-07:00,1,21
style.css,329,css,00000000,Not Committed Yet,2026-05-09,23:51:44,-07:00,2026-05-09T23:51:44-07:00,1,25
style.css,330,css,00000000,Not Committed Yet,2026-05-09,23:51:44,-07:00,2026-05-09T23:51:44-07:00,1,15
style.css,331,css,00000000,Not Committed Yet,2026-05-09,23:51:44,-07:00,2026-05-09T23:51:44-07:00,0,0
style.css,332,css,00000000,Not Committed Yet,2026-05-09,23:51:44,-07:00,2026-05-09T23:51:44-07:00,0,0
style.css,333,css,00000000,Not Committed Yet,2026-05-09,23:51:44,-07:00,2026-05-09T23:51:44-07:00,0,9
style.css,334,css,00000000,Not Committed Yet,2026-05-09,23:51:44,-07:00,2026-05-09T23:51:44-07:00,1,17
style.css,335,css,00000000,Not Committed Yet,2026-05-09,23:51:44,-07:00,2026-05-09T23:51:44-07:00,1,16
style.css,336,css,00000000,Not Committed Yet,2026-05-09,23:51:44,-07:00,2026-05-09T23:51:44-07:00,1,15
style.css,337,css,00000000,Not Committed Yet,2026-05-09,23:51:44,-07:00,2026-05-09T23:51:44-07:00,0,0
style.css,338,css,00000000,Not Committed Yet,2026-05-09,23:51:44,-07:00,2026-05-09T23:51:44-07:00,0,0
style.css,339,css,00000000,Not Committed Yet,2026-05-09,23:51:44,-07:00,2026-05-09T23:51:44-07:00,0,6
style.css,340,css,00000000,Not Committed Yet,2026-05-09,23:51:44,-07:00,2026-05-09T23:51:44-07:00,1,20
style.css,341,css,00000000,Not Committed Yet,2026-05-09,23:51:44,-07:00,2026-05-09T23:51:44-07:00,0,0
style.css,342,css,00000000,Not Committed Yet,2026-05-09,23:51:44,-07:00,2026-05-09T23:51:44-07:00,0,0
style.css,343,css,00000000,Not Committed Yet,2026-05-09,23:51:44,-07:00,2026-05-09T23:51:44-07:00,0,10
style.css,344,css,00000000,Not Committed Yet,2026-05-09,23:51:44,-07:00,2026-05-09T23:51:44-07:00,1,10
style.css,345,css,00000000,Not Committed Yet,2026-05-09,23:51:44,-07:00,2026-05-09T23:51:44-07:00,1,11
style.css,346,css,00000000,Not Committed Yet,2026-05-09,23:51:44,-07:00,2026-05-09T23:51:44-07:00,0,0
style.css,347,css,00000000,Not Committed Yet,2026-05-09,23:51:44,-07:00,2026-05-09T23:51:44-07:00,0,0
style.css,348,css,00000000,Not Committed Yet,2026-05-09,23:51:44,-07:00,2026-05-09T23:51:44-07:00,0,15
style.css,349,css,00000000,Not Committed Yet,2026-05-09,23:51:44,-07:00,2026-05-09T23:51:44-07:00,1,32
style.css,350,css,00000000,Not Committed Yet,2026-05-09,23:51:44,-07:00,2026-05-09T23:51:44-07:00,1,20
style.css,351,css,00000000,Not Committed Yet,2026-05-09,23:51:44,-07:00,2026-05-09T23:51:44-07:00,0,0
style.css,352,css,00000000,Not Committed Yet,2026-05-09,23:51:44,-07:00,2026-05-09T23:51:44-07:00,0,0
style.css,353,css,00000000,Not Committed Yet,2026-05-09,23:51:44,-07:00,2026-05-09T23:51:44-07:00,0,15
style.css,354,css,00000000,Not Committed Yet,2026-05-09,23:51:44,-07:00,2026-05-09T23:51:44-07:00,1,12
style.css,355,css,00000000,Not Committed Yet,2026-05-09,23:51:44,-07:00,2026-05-09T23:51:44-07:00,0,0
style.css,356,css,00000000,Not Committed Yet,2026-05-09,23:51:44,-07:00,2026-05-09T23:51:44-07:00,0,0
style.css,357,css,00000000,Not Committed Yet,2026-05-09,23:51:44,-07:00,2026-05-09T23:51:44-07:00,0,6
style.css,358,css,00000000,Not Committed Yet,2026-05-09,23:51:44,-07:00,2026-05-09T23:51:44-07:00,1,9
style.css,359,css,00000000,Not Committed Yet,2026-05-09,23:51:44,-07:00,2026-05-09T23:51:44-07:00,2,14
style.css,360,css,00000000,Not Committed Yet,2026-05-09,23:51:44,-07:00,2026-05-09T23:51:44-07:00,2,17
style.css,361,css,00000000,Not Committed Yet,2026-05-09,23:51:44,-07:00,2026-05-09T23:51:44-07:00,2,9
style.css,362,css,00000000,Not Committed Yet,2026-05-09,23:51:44,-07:00,2026-05-09T23:51:44-07:00,1,23
style.css,363,css,00000000,Not Committed Yet,2026-05-09,23:51:44,-07:00,2026-05-09T23:51:44-07:00,1,22
style.css,364,css,00000000,Not Committed Yet,2026-05-09,23:51:44,-07:00,2026-05-09T23:51:44-07:00,0,0
style.css,365,css,00000000,Not Committed Yet,2026-05-09,23:51:44,-07:00,2026-05-09T23:51:44-07:00,0,0
style.css,366,css,00000000,Not Committed Yet,2026-05-09,23:51:44,-07:00,2026-05-09T23:51:44-07:00,0,12
style.css,367,css,00000000,Not Committed Yet,2026-05-09,23:51:44,-07:00,2026-05-09T23:51:44-07:00,1,20
style.css,368,css,00000000,Not Committed Yet,2026-05-09,23:51:44,-07:00,2026-05-09T23:51:44-07:00,0,0
style.css,369,css,00000000,Not Committed Yet,2026-05-09,23:51:44,-07:00,2026-05-09T23:51:44-07:00,0,0
style.css,370,css,00000000,Not Committed Yet,2026-05-09,23:51:44,-07:00,2026-05-09T23:51:44-07:00,0,15
style.css,371,css,00000000,Not Committed Yet,2026-05-09,23:51:44,-07:00,2026-05-09T23:51:44-07:00,1,12
style.css,372,css,00000000,Not Committed Yet,2026-05-09,23:51:44,-07:00,2026-05-09T23:51:44-07:00,0,0
style.css,373,css,00000000,Not Committed Yet,2026-05-09,23:51:44,-07:00,2026-05-09T23:51:44-07:00,0,0
style.css,374,css,00000000,Not Committed Yet,2026-05-09,23:51:44,-07:00,2026-05-09T23:51:44-07:00,0,7
style.css,375,css,00000000,Not Committed Yet,2026-05-09,23:51:44,-07:00,2026-05-09T23:51:44-07:00,1,12
style.css,376,css,00000000,Not Committed Yet,2026-05-09,23:51:44,-07:00,2026-05-09T23:51:44-07:00,1,30
style.css,377,css,00000000,Not Committed Yet,2026-05-09,23:51:44,-07:00,2026-05-09T23:51:44-07:00,1,14
style.css,378,css,00000000,Not Committed Yet,2026-05-09,23:51:44,-07:00,2026-05-09T23:51:44-07:00,1,8
style.css,379,css,00000000,Not Committed Yet,2026-05-09,23:51:44,-07:00,2026-05-09T23:51:44-07:00,1,25
style.css,380,css,00000000,Not Committed Yet,2026-05-09,23:51:44,-07:00,2026-05-09T23:51:44-07:00,1,39
style.css,381,css,00000000,Not Committed Yet,2026-05-09,23:51:44,-07:00,2026-05-09T23:51:44-07:00,0,0
style.css,382,css,00000000,Not Committed Yet,2026-05-09,23:51:44,-07:00,2026-05-09T23:51:44-07:00,0,0
style.css,383,css,00000000,Not Committed Yet,2026-05-09,23:51:44,-07:00,2026-05-09T23:51:44-07:00,0,10
style.css,384,css,00000000,Not Committed Yet,2026-05-09,23:51:44,-07:00,2026-05-09T23:51:44-07:00,1,8
style.css,385,css,00000000,Not Committed Yet,2026-05-09,23:51:44,-07:00,2026-05-09T23:51:44-07:00,1,25
style.css,386,css,00000000,Not Committed Yet,2026-05-09,23:51:44,-07:00,2026-05-09T23:51:44-07:00,1,16
style.css,387,css,00000000,Not Committed Yet,2026-05-09,23:51:44,-07:00,2026-05-09T23:51:44-07:00,1,24
style.css,388,css,00000000,Not Committed Yet,2026-05-09,23:51:44,-07:00,2026-05-09T23:51:44-07:00,1,21
style.css,389,css,00000000,Not Committed Yet,2026-05-09,23:51:44,-07:00,2026-05-09T23:51:44-07:00,0,0
style.css,390,css,00000000,Not Committed Yet,2026-05-09,23:51:44,-07:00,2026-05-09T23:51:44-07:00,0,0
style.css,391,css,00000000,Not Committed Yet,2026-05-09,23:51:44,-07:00,2026-05-09T23:51:44-07:00,0,10
style.css,392,css,00000000,Not Committed Yet,2026-05-09,23:51:44,-07:00,2026-05-09T23:51:44-07:00,1,8
style.css,393,css,00000000,Not Committed Yet,2026-05-09,23:51:44,-07:00,2026-05-09T23:51:44-07:00,1,15
style.css,394,css,00000000,Not Committed Yet,2026-05-09,23:51:44,-07:00,2026-05-09T23:51:44-07:00,1,20
style.css,395,css,00000000,Not Committed Yet,2026-05-09,23:51:44,-07:00,2026-05-09T23:51:44-07:00,0,0
style.css,396,css,00000000,Not Committed Yet,2026-05-09,23:51:44,-07:00,2026-05-09T23:51:44-07:00,0,0
style.css,397,css,00000000,Not Committed Yet,2026-05-09,23:51:44,-07:00,2026-05-09T23:51:44-07:00,0,42
style.css,398,css,00000000,Not Committed Yet,2026-05-09,23:51:44,-07:00,2026-05-09T23:51:44-07:00,1,9
style.css,399,css,00000000,Not Committed Yet,2026-05-09,23:51:44,-07:00,2026-05-09T23:51:44-07:00,1,17
style.css,400,css,00000000,Not Committed Yet,2026-05-09,23:51:44,-07:00,2026-05-09T23:51:44-07:00,0,0
style.css,401,css,00000000,Not Committed Yet,2026-05-09,23:51:44,-07:00,2026-05-09T23:51:44-07:00,0,0
style.css,402,css,00000000,Not Committed Yet,2026-05-09,23:51:44,-07:00,2026-05-09T23:51:44-07:00,0,8
style.css,403,css,00000000,Not Committed Yet,2026-05-09,23:51:44,-07:00,2026-05-09T23:51:44-07:00,1,14
style.css,404,css,00000000,Not Committed Yet,2026-05-09,23:51:44,-07:00,2026-05-09T23:51:44-07:00,1,7
style.css,405,css,00000000,Not Committed Yet,2026-05-09,23:51:44,-07:00,2026-05-09T23:51:44-07:00,1,8
style.css,406,css,00000000,Not Committed Yet,2026-05-09,23:51:44,-07:00,2026-05-09T23:51:44-07:00,1,18
style.css,407,css,00000000,Not Committed Yet,2026-05-09,23:51:44,-07:00,2026-05-09T23:51:44-07:00,1,39
style.css,408,css,00000000,Not Committed Yet,2026-05-09,23:51:44,-07:00,2026-05-09T23:51:44-07:00,1,25
style.css,409,css,00000000,Not Committed Yet,2026-05-09,23:51:44,-07:00,2026-05-09T23:51:44-07:00,1,42
style.css,410,css,00000000,Not Committed Yet,2026-05-09,23:51:44,-07:00,2026-05-09T23:51:44-07:00,1,19
style.css,411,css,00000000,Not Committed Yet,2026-05-09,23:51:44,-07:00,2026-05-09T23:51:44-07:00,1,42
style.css,412,css,00000000,Not Committed Yet,2026-05-09,23:51:44,-07:00,2026-05-09T23:51:44-07:00,1,25
style.css,413,css,00000000,Not Committed Yet,2026-05-09,23:51:44,-07:00,2026-05-09T23:51:44-07:00,1,19
style.css,414,css,00000000,Not Committed Yet,2026-05-09,23:51:44,-07:00,2026-05-09T23:51:44-07:00,1,14
style.css,415,css,00000000,Not Committed Yet,2026-05-09,23:51:44,-07:00,2026-05-09T23:51:44-07:00,1,12
style.css,416,css,00000000,Not Committed Yet,2026-05-09,23:51:44,-07:00,2026-05-09T23:51:44-07:00,0,0
style.css,417,css,00000000,Not Committed Yet,2026-05-09,23:51:44,-07:00,2026-05-09T23:51:44-07:00,0,0
style.css,418,css,00000000,Not Committed Yet,2026-05-09,23:51:44,-07:00,2026-05-09T23:51:44-07:00,0,24
style.css,419,css,00000000,Not Committed Yet,2026-05-09,23:51:44,-07:00,2026-05-09T23:51:44-07:00,1,2
style.css,420,css,00000000,Not Committed Yet,2026-05-09,23:51:44,-07:00,2026-05-09T23:51:44-07:00,2,20
style.css,421,css,00000000,Not Committed Yet,2026-05-09,23:51:44,-07:00,2026-05-09T23:51:44-07:00,1,0
style.css,422,css,00000000,Not Committed Yet,2026-05-09,23:51:44,-07:00,2026-05-09T23:51:44-07:00,0,0
style.css,423,css,00000000,Not Committed Yet,2026-05-09,23:51:44,-07:00,2026-05-09T23:51:44-07:00,0,0
style.css,424,css,00000000,Not Committed Yet,2026-05-09,23:51:44,-07:00,2026-05-09T23:51:44-07:00,0,10
style.css,425,css,00000000,Not Committed Yet,2026-05-09,23:51:44,-07:00,2026-05-09T23:51:44-07:00,1,16
style.css,426,css,00000000,Not Committed Yet,2026-05-09,23:51:44,-07:00,2026-05-09T23:51:44-07:00,1,12
style.css,427,css,00000000,Not Committed Yet,2026-05-09,23:51:44,-07:00,2026-05-09T23:51:44-07:00,1,18
style.css,428,css,00000000,Not Committed Yet,2026-05-09,23:51:44,-07:00,2026-05-09T23:51:44-07:00,1,20
style.css,429,css,00000000,Not Committed Yet,2026-05-09,23:51:44,-07:00,2026-05-09T23:51:44-07:00,1,42
style.css,430,css,00000000,Not Committed Yet,2026-05-09,23:51:44,-07:00,2026-05-09T23:51:44-07:00,0,0
style.css,431,css,00000000,Not Committed Yet,2026-05-09,23:51:44,-07:00,2026-05-09T23:51:44-07:00,0,0
style.css,432,css,00000000,Not Committed Yet,2026-05-09,23:51:44,-07:00,2026-05-09T23:51:44-07:00,0,16
style.css,433,css,00000000,Not Committed Yet,2026-05-09,23:51:44,-07:00,2026-05-09T23:51:44-07:00,1,18
style.css,434,css,00000000,Not Committed Yet,2026-05-09,23:51:44,-07:00,2026-05-09T23:51:44-07:00,1,15
style.css,435,css,00000000,Not Committed Yet,2026-05-09,23:51:44,-07:00,2026-05-09T23:51:44-07:00,0,0
index.js,1,js,4ececad0,Rishvik,2026-05-02,23:07:43,-07:00,2026-05-02T23:07:43-07:00,0,75
index.js,2,js,a38af537,Rishvik,2026-04-25,21:06:55,-07:00,2026-04-25T21:06:55-07:00,0,0
index.js,3,js,a38af537,Rishvik,2026-04-25,21:06:55,-07:00,2026-04-25T21:06:55-07:00,0,54
index.js,4,js,a38af537,Rishvik,2026-04-25,21:06:55,-07:00,2026-04-25T21:06:55-07:00,0,73
index.js,5,js,a38af537,Rishvik,2026-04-25,21:06:55,-07:00,2026-04-25T21:06:55-07:00,0,60
index.js,6,js,a38af537,Rishvik,2026-04-25,21:06:55,-07:00,2026-04-25T21:06:55-07:00,0,0
index.js,7,js,a38af537,Rishvik,2026-04-25,21:06:55,-07:00,2026-04-25T21:06:55-07:00,0,54
index.js,8,js,a38af537,Rishvik,2026-04-25,21:06:55,-07:00,2026-04-25T21:06:55-07:00,0,0
index.js,9,js,a38af537,Rishvik,2026-04-25,21:06:55,-07:00,2026-04-25T21:06:55-07:00,0,50
index.js,10,js,a38af537,Rishvik,2026-04-25,21:06:55,-07:00,2026-04-25T21:06:55-07:00,0,60
index.js,11,js,a38af537,Rishvik,2026-04-25,21:06:55,-07:00,2026-04-25T21:06:55-07:00,0,0
index.js,12,js,a38af537,Rishvik,2026-04-25,21:06:55,-07:00,2026-04-25T21:06:55-07:00,0,31
index.js,13,js,a38af537,Rishvik,2026-04-25,21:06:55,-07:00,2026-04-25T21:06:55-07:00,1,24
index.js,14,js,a38af537,Rishvik,2026-04-25,21:06:55,-07:00,2026-04-25T21:06:55-07:00,2,2
index.js,15,js,a38af537,Rishvik,2026-04-25,21:06:55,-07:00,2026-04-25T21:06:55-07:00,3,54
index.js,16,js,a38af537,Rishvik,2026-04-25,21:06:55,-07:00,2026-04-25T21:06:55-07:00,3,54
index.js,17,js,a38af537,Rishvik,2026-04-25,21:06:55,-07:00,2026-04-25T21:06:55-07:00,3,48
index.js,18,js,a38af537,Rishvik,2026-04-25,21:06:55,-07:00,2026-04-25T21:06:55-07:00,3,48
index.js,19,js,a38af537,Rishvik,2026-04-25,21:06:55,-07:00,2026-04-25T21:06:55-07:00,2,3
index.js,20,js,a38af537,Rishvik,2026-04-25,21:06:55,-07:00,2026-04-25T21:06:55-07:00,1,0
index.js,21,js,a38af537,Rishvik,2026-04-25,21:06:55,-07:00,2026-04-25T21:06:55-07:00,0,0
index.html,1,html,2650ce9,Rishvik,2026-04-03,20:58:40,-07:00,2026-04-03T20:58:40-07:00,0,13
index.html,2,html,2650ce9,Rishvik,2026-04-03,20:58:40,-07:00,2026-04-03T20:58:40-07:00,0,14
index.html,3,html,2650ce9,Rishvik,2026-04-03,20:58:40,-07:00,2026-04-03T20:58:40-07:00,0,4
index.html,4,html,2650ce9,Rishvik,2026-04-03,20:58:40,-07:00,2026-04-03T20:58:40-07:00,2,20
index.html,5,html,2650ce9,Rishvik,2026-04-03,20:58:40,-07:00,2026-04-03T20:58:40-07:00,2,68
index.html,6,html,4ececad0,Rishvik,2026-05-02,23:07:43,-07:00,2026-05-02T23:07:43-07:00,2,42
index.html,7,html,2650ce9,Rishvik,2026-04-03,20:58:40,-07:00,2026-04-03T20:58:40-07:00,2,25
index.html,8,html,2650ce9,Rishvik,2026-04-03,20:58:40,-07:00,2026-04-03T20:58:40-07:00,0,5
index.html,9,html,2650ce9,Rishvik,2026-04-03,20:58:40,-07:00,2026-04-03T20:58:40-07:00,0,4
index.html,10,html,8f7d30c0,Rishvik,2026-04-03,23:06:22,-07:00,2026-04-03T23:06:22-07:00,2,25
index.html,11,html,8f7d30c0,Rishvik,2026-04-03,23:06:22,-07:00,2026-04-03T23:06:22-07:00,4,19
index.html,12,html,8f7d30c0,Rishvik,2026-04-03,23:06:22,-07:00,2026-04-03T23:06:22-07:00,4,1
index.html,13,html,8f7d30c0,Rishvik,2026-04-03,23:06:22,-07:00,2026-04-03T23:06:22-07:00,6,48
index.html,14,html,8f7d30c0,Rishvik,2026-04-03,23:06:22,-07:00,2026-04-03T23:06:22-07:00,6,64
index.html,15,html,8f7d30c0,Rishvik,2026-04-03,23:06:22,-07:00,2026-04-03T23:06:22-07:00,6,17
index.html,16,html,8f7d30c0,Rishvik,2026-04-03,23:06:22,-07:00,2026-04-03T23:06:22-07:00,6,82
index.html,17,html,8f7d30c0,Rishvik,2026-04-03,23:06:22,-07:00,2026-04-03T23:06:22-07:00,4,2
index.html,18,html,8f7d30c0,Rishvik,2026-04-03,23:06:22,-07:00,2026-04-03T23:06:22-07:00,4,77
index.html,19,html,8f7d30c0,Rishvik,2026-04-03,23:06:22,-07:00,2026-04-03T23:06:22-07:00,4,58
index.html,20,html,8f7d30c0,Rishvik,2026-04-03,23:06:22,-07:00,2026-04-03T23:06:22-07:00,6,46
index.html,21,html,8f7d30c0,Rishvik,2026-04-03,23:06:22,-07:00,2026-04-03T23:06:22-07:00,6,42
index.html,22,html,8f7d30c0,Rishvik,2026-04-03,23:06:22,-07:00,2026-04-03T23:06:22-07:00,6,46
index.html,23,html,8f7d30c0,Rishvik,2026-04-03,23:06:22,-07:00,2026-04-03T23:06:22-07:00,6,58
index.html,24,html,8f7d30c0,Rishvik,2026-04-03,23:06:22,-07:00,2026-04-03T23:06:22-07:00,6,21
index.html,25,html,8f7d30c0,Rishvik,2026-04-03,23:06:22,-07:00,2026-04-03T23:06:22-07:00,4,2
index.html,26,html,8f7d30c0,Rishvik,2026-04-03,23:06:22,-07:00,2026-04-03T23:06:22-07:00,4,83
index.html,27,html,8f7d30c0,Rishvik,2026-04-03,23:06:22,-07:00,2026-04-03T23:06:22-07:00,2,8
index.html,28,html,8f7d30c0,Rishvik,2026-04-03,23:06:22,-07:00,2026-04-03T23:06:22-07:00,2,22
index.html,29,html,8f7d30c0,Rishvik,2026-04-03,23:06:22,-07:00,2026-04-03T23:06:22-07:00,4,16
index.html,30,html,8f7d30c0,Rishvik,2026-04-03,23:06:22,-07:00,2026-04-03T23:06:22-07:00,4,7
index.html,31,html,8f7d30c0,Rishvik,2026-04-03,23:06:22,-07:00,2026-04-03T23:06:22-07:00,6,6
index.html,32,html,8f7d30c0,Rishvik,2026-04-03,23:06:22,-07:00,2026-04-03T23:06:22-07:00,8,43
index.html,33,html,8f7d30c0,Rishvik,2026-04-03,23:06:22,-07:00,2026-04-03T23:06:22-07:00,8,55
index.html,34,html,8f7d30c0,Rishvik,2026-04-03,23:06:22,-07:00,2026-04-03T23:06:22-07:00,6,7
index.html,35,html,8f7d30c0,Rishvik,2026-04-03,23:06:22,-07:00,2026-04-03T23:06:22-07:00,6,33
index.html,36,html,8f7d30c0,Rishvik,2026-04-03,23:06:22,-07:00,2026-04-03T23:06:22-07:00,6,2
index.html,37,html,8f7d30c0,Rishvik,2026-04-03,23:06:22,-07:00,2026-04-03T23:06:22-07:00,8,99
index.html,38,html,8f7d30c0,Rishvik,2026-04-03,23:06:22,-07:00,2026-04-03T23:06:22-07:00,8,272
index.html,39,html,8f7d30c0,Rishvik,2026-04-03,23:06:22,-07:00,2026-04-03T23:06:22-07:00,6,3
index.html,40,html,8f7d30c0,Rishvik,2026-04-03,23:06:22,-07:00,2026-04-03T23:06:22-07:00,4,8
index.html,41,html,8f7d30c0,Rishvik,2026-04-03,23:06:22,-07:00,2026-04-03T23:06:22-07:00,2,8
index.html,42,html,8f7d30c0,Rishvik,2026-04-03,23:06:22,-07:00,2026-04-03T23:06:22-07:00,2,23
index.html,43,html,8f7d30c0,Rishvik,2026-04-03,23:06:22,-07:00,2026-04-03T23:06:22-07:00,4,30
index.html,44,html,8f7d30c0,Rishvik,2026-04-03,23:06:22,-07:00,2026-04-03T23:06:22-07:00,4,7
index.html,45,html,8f7d30c0,Rishvik,2026-04-03,23:06:22,-07:00,2026-04-03T23:06:22-07:00,6,6
index.html,46,html,8f7d30c0,Rishvik,2026-04-03,23:06:22,-07:00,2026-04-03T23:06:22-07:00,8,43
index.html,47,html,8f7d30c0,Rishvik,2026-04-03,23:06:22,-07:00,2026-04-03T23:06:22-07:00,8,127
index.html,48,html,8f7d30c0,Rishvik,2026-04-03,23:06:22,-07:00,2026-04-03T23:06:22-07:00,6,7
index.html,49,html,8f7d30c0,Rishvik,2026-04-03,23:06:22,-07:00,2026-04-03T23:06:22-07:00,6,2
index.html,50,html,8f7d30c0,Rishvik,2026-04-03,23:06:22,-07:00,2026-04-03T23:06:22-07:00,8,265
index.html,51,html,8f7d30c0,Rishvik,2026-04-03,23:06:22,-07:00,2026-04-03T23:06:22-07:00,8,268
index.html,52,html,8f7d30c0,Rishvik,2026-04-03,23:06:22,-07:00,2026-04-03T23:06:22-07:00,8,258
index.html,53,html,8f7d30c0,Rishvik,2026-04-03,23:06:22,-07:00,2026-04-03T23:06:22-07:00,6,3
index.html,54,html,8f7d30c0,Rishvik,2026-04-03,23:06:22,-07:00,2026-04-03T23:06:22-07:00,4,8
index.html,55,html,8f7d30c0,Rishvik,2026-04-03,23:06:22,-07:00,2026-04-03T23:06:22-07:00,4,7
index.html,56,html,8f7d30c0,Rishvik,2026-04-03,23:06:22,-07:00,2026-04-03T23:06:22-07:00,6,6
index.html,57,html,8f7d30c0,Rishvik,2026-04-03,23:06:22,-07:00,2026-04-03T23:06:22-07:00,8,39
index.html,58,html,8f7d30c0,Rishvik,2026-04-03,23:06:22,-07:00,2026-04-03T23:06:22-07:00,8,122
index.html,59,html,8f7d30c0,Rishvik,2026-04-03,23:06:22,-07:00,2026-04-03T23:06:22-07:00,6,7
index.html,60,html,8f7d30c0,Rishvik,2026-04-03,23:06:22,-07:00,2026-04-03T23:06:22-07:00,6,2
index.html,61,html,8f7d30c0,Rishvik,2026-04-03,23:06:22,-07:00,2026-04-03T23:06:22-07:00,8,272
index.html,62,html,8f7d30c0,Rishvik,2026-04-03,23:06:22,-07:00,2026-04-03T23:06:22-07:00,8,258
index.html,63,html,8f7d30c0,Rishvik,2026-04-03,23:06:22,-07:00,2026-04-03T23:06:22-07:00,8,262
index.html,64,html,8f7d30c0,Rishvik,2026-04-03,23:06:22,-07:00,2026-04-03T23:06:22-07:00,6,3
index.html,65,html,8f7d30c0,Rishvik,2026-04-03,23:06:22,-07:00,2026-04-03T23:06:22-07:00,4,8
index.html,66,html,8f7d30c0,Rishvik,2026-04-03,23:06:22,-07:00,2026-04-03T23:06:22-07:00,4,7
index.html,67,html,8f7d30c0,Rishvik,2026-04-03,23:06:22,-07:00,2026-04-03T23:06:22-07:00,6,6
index.html,68,html,8f7d30c0,Rishvik,2026-04-03,23:06:22,-07:00,2026-04-03T23:06:22-07:00,8,30
index.html,69,html,8f7d30c0,Rishvik,2026-04-03,23:06:22,-07:00,2026-04-03T23:06:22-07:00,8,135
index.html,70,html,8f7d30c0,Rishvik,2026-04-03,23:06:22,-07:00,2026-04-03T23:06:22-07:00,6,7
index.html,71,html,8f7d30c0,Rishvik,2026-04-03,23:06:22,-07:00,2026-04-03T23:06:22-07:00,6,2
index.html,72,html,8f7d30c0,Rishvik,2026-04-03,23:06:22,-07:00,2026-04-03T23:06:22-07:00,8,273
index.html,73,html,8f7d30c0,Rishvik,2026-04-03,23:06:22,-07:00,2026-04-03T23:06:22-07:00,8,261
index.html,74,html,8f7d30c0,Rishvik,2026-04-03,23:06:22,-07:00,2026-04-03T23:06:22-07:00,8,276
index.html,75,html,8f7d30c0,Rishvik,2026-04-03,23:06:22,-07:00,2026-04-03T23:06:22-07:00,6,3
index.html,76,html,8f7d30c0,Rishvik,2026-04-03,23:06:22,-07:00,2026-04-03T23:06:22-07:00,4,8
index.html,77,html,8f7d30c0,Rishvik,2026-04-03,23:06:22,-07:00,2026-04-03T23:06:22-07:00,2,8
index.html,78,html,a38af537,Rishvik,2026-04-25,21:06:55,-07:00,2026-04-25T21:06:55-07:00,2,28
index.html,79,html,a38af537,Rishvik,2026-04-25,21:06:55,-07:00,2026-04-25T21:06:55-07:00,4,22
index.html,80,html,a38af537,Rishvik,2026-04-25,21:06:55,-07:00,2026-04-25T21:06:55-07:00,4,26
index.html,81,html,a38af537,Rishvik,2026-04-25,21:06:55,-07:00,2026-04-25T21:06:55-07:00,2,8
index.html,82,html,a38af537,Rishvik,2026-04-25,21:06:55,-07:00,2026-04-25T21:06:55-07:00,2,27
index.html,83,html,a38af537,Rishvik,2026-04-25,21:06:55,-07:00,2026-04-25T21:06:55-07:00,4,27
index.html,84,html,a38af537,Rishvik,2026-04-25,21:06:55,-07:00,2026-04-25T21:06:55-07:00,4,28
index.html,85,html,8f7d30c0,Rishvik,2026-04-03,23:06:22,-07:00,2026-04-03T23:06:22-07:00,2,8
index.html,86,html,8f7d30c0,Rishvik,2026-04-03,23:06:22,-07:00,2026-04-03T23:06:22-07:00,2,19
index.html,87,html,8f7d30c0,Rishvik,2026-04-03,23:06:22,-07:00,2026-04-03T23:06:22-07:00,4,13
index.html,88,html,8f7d30c0,Rishvik,2026-04-03,23:06:22,-07:00,2026-04-03T23:06:22-07:00,4,2
index.html,89,html,8f7d30c0,Rishvik,2026-04-03,23:06:22,-07:00,2026-04-03T23:06:22-07:00,6,138
index.html,90,html,8f7d30c0,Rishvik,2026-04-03,23:06:22,-07:00,2026-04-03T23:06:22-07:00,6,260
index.html,91,html,8f7d30c0,Rishvik,2026-04-03,23:06:22,-07:00,2026-04-03T23:06:22-07:00,4,3
index.html,92,html,8f7d30c0,Rishvik,2026-04-03,23:06:22,-07:00,2026-04-03T23:06:22-07:00,2,8
index.html,93,html,4ececad0,Rishvik,2026-05-02,23:07:43,-07:00,2026-05-02T23:07:43-07:00,2,54
index.html,94,html,2650ce9,Rishvik,2026-04-03,20:58:40,-07:00,2026-04-03T20:58:40-07:00,0,5
index.html,95,html,8f7d30c0,Rishvik,2026-04-03,23:06:22,-07:00,2026-04-03T23:06:22-07:00,0,5
global.js,1,js,a38af537,Rishvik,2026-04-25,21:06:55,-07:00,2026-04-25T21:06:55-07:00,0,25
global.js,2,js,a38af537,Rishvik,2026-04-25,21:06:55,-07:00,2026-04-25T21:06:55-07:00,0,0
global.js,3,js,a38af537,Rishvik,2026-04-25,21:06:55,-07:00,2026-04-25T21:06:55-07:00,0,41
global.js,4,js,a38af537,Rishvik,2026-04-25,21:06:55,-07:00,2026-04-25T21:06:55-07:00,1,52
global.js,5,js,a38af537,Rishvik,2026-04-25,21:06:55,-07:00,2026-04-25T21:06:55-07:00,0,0
global.js,6,js,a38af537,Rishvik,2026-04-25,21:06:55,-07:00,2026-04-25T21:06:55-07:00,0,0
global.js,7,js,a38af537,Rishvik,2026-04-25,21:06:55,-07:00,2026-04-25T21:06:55-07:00,0,15
global.js,8,js,a38af537,Rishvik,2026-04-25,21:06:55,-07:00,2026-04-25T21:06:55-07:00,1,68
global.js,9,js,a38af537,Rishvik,2026-04-25,21:06:55,-07:00,2026-04-25T21:06:55-07:00,2,3
global.js,10,js,a38af537,Rishvik,2026-04-25,21:06:55,-07:00,2026-04-25T21:06:55-07:00,2,15
global.js,11,js,a38af537,Rishvik,2026-04-25,21:06:55,-07:00,2026-04-25T21:06:55-07:00,0,0
global.js,12,js,a38af537,Rishvik,2026-04-25,21:06:55,-07:00,2026-04-25T21:06:55-07:00,0,13
global.js,13,js,a38af537,Rishvik,2026-04-25,21:06:55,-07:00,2026-04-25T21:06:55-07:00,1,25
global.js,14,js,a38af537,Rishvik,2026-04-25,21:06:55,-07:00,2026-04-25T21:06:55-07:00,1,38
global.js,15,js,00000000,Not Committed Yet,2026-05-09,23:51:44,-07:00,2026-05-09T23:51:44-07:00,1,30
global.js,16,js,a38af537,Rishvik,2026-04-25,21:06:55,-07:00,2026-04-25T21:06:55-07:00,1,39
global.js,17,js,a38af537,Rishvik,2026-04-25,21:06:55,-07:00,2026-04-25T21:06:55-07:00,1,36
global.js,18,js,a38af537,Rishvik,2026-04-25,21:06:55,-07:00,2026-04-25T21:06:55-07:00,1,53
global.js,19,js,a38af537,Rishvik,2026-04-25,21:06:55,-07:00,2026-04-25T21:06:55-07:00,0,0
global.js,20,js,a38af537,Rishvik,2026-04-25,21:06:55,-07:00,2026-04-25T21:06:55-07:00,0,0
global.js,21,js,a38af537,Rishvik,2026-04-25,21:06:55,-07:00,2026-04-25T21:06:55-07:00,0,40
global.js,22,js,a38af537,Rishvik,2026-04-25,21:06:55,-07:00,2026-04-25T21:06:55-07:00,0,25
global.js,23,js,a38af537,Rishvik,2026-04-25,21:06:55,-07:00,2026-04-25T21:06:55-07:00,0,0
global.js,24,js,a38af537,Rishvik,2026-04-25,21:06:55,-07:00,2026-04-25T21:06:55-07:00,0,22
global.js,25,js,a38af537,Rishvik,2026-04-25,21:06:55,-07:00,2026-04-25T21:06:55-07:00,1,14
global.js,26,js,a38af537,Rishvik,2026-04-25,21:06:55,-07:00,2026-04-25T21:06:55-07:00,1,20
global.js,27,js,a38af537,Rishvik,2026-04-25,21:06:55,-07:00,2026-04-25T21:06:55-07:00,0,0
global.js,28,js,a38af537,Rishvik,2026-04-25,21:06:55,-07:00,2026-04-25T21:06:55-07:00,1,52
global.js,29,js,a38af537,Rishvik,2026-04-25,21:06:55,-07:00,2026-04-25T21:06:55-07:00,0,0
global.js,30,js,a38af537,Rishvik,2026-04-25,21:06:55,-07:00,2026-04-25T21:06:55-07:00,1,36
global.js,31,js,a38af537,Rishvik,2026-04-25,21:06:55,-07:00,2026-04-25T21:06:55-07:00,1,11
global.js,32,js,a38af537,Rishvik,2026-04-25,21:06:55,-07:00,2026-04-25T21:06:55-07:00,1,20
global.js,33,js,a38af537,Rishvik,2026-04-25,21:06:55,-07:00,2026-04-25T21:06:55-07:00,1,17
global.js,34,js,a38af537,Rishvik,2026-04-25,21:06:55,-07:00,2026-04-25T21:06:55-07:00,2,8
global.js,35,js,a38af537,Rishvik,2026-04-25,21:06:55,-07:00,2026-04-25T21:06:55-07:00,2,59
global.js,36,js,a38af537,Rishvik,2026-04-25,21:06:55,-07:00,2026-04-25T21:06:55-07:00,1,0
global.js,37,js,a38af537,Rishvik,2026-04-25,21:06:55,-07:00,2026-04-25T21:06:55-07:00,0,0
global.js,38,js,a38af537,Rishvik,2026-04-25,21:06:55,-07:00,2026-04-25T21:06:55-07:00,1,29
global.js,39,js,a38af537,Rishvik,2026-04-25,21:06:55,-07:00,2026-04-25T21:06:55-07:00,2,18
global.js,40,js,a38af537,Rishvik,2026-04-25,21:06:55,-07:00,2026-04-25T21:06:55-07:00,2,28
global.js,41,js,a38af537,Rishvik,2026-04-25,21:06:55,-07:00,2026-04-25T21:06:55-07:00,1,0
global.js,42,js,a38af537,Rishvik,2026-04-25,21:06:55,-07:00,2026-04-25T21:06:55-07:00,0,0
global.js,43,js,a38af537,Rishvik,2026-04-25,21:06:55,-07:00,2026-04-25T21:06:55-07:00,1,12
global.js,44,js,a38af537,Rishvik,2026-04-25,21:06:55,-07:00,2026-04-25T21:06:55-07:00,0,0
global.js,45,js,a38af537,Rishvik,2026-04-25,21:06:55,-07:00,2026-04-25T21:06:55-07:00,0,0
global.js,46,js,a38af537,Rishvik,2026-04-25,21:06:55,-07:00,2026-04-25T21:06:55-07:00,0,36
global.js,47,js,a38af537,Rishvik,2026-04-25,21:06:55,-07:00,2026-04-25T21:06:55-07:00,1,3
global.js,48,js,a38af537,Rishvik,2026-04-25,21:06:55,-07:00,2026-04-25T21:06:55-07:00,2,32
global.js,49,js,a38af537,Rishvik,2026-04-25,21:06:55,-07:00,2026-04-25T21:06:55-07:00,0,0
global.js,50,js,a38af537,Rishvik,2026-04-25,21:06:55,-07:00,2026-04-25T21:06:55-07:00,2,17
global.js,51,js,a38af537,Rishvik,2026-04-25,21:06:55,-07:00,2026-04-25T21:06:55-07:00,3,62
global.js,52,js,a38af537,Rishvik,2026-04-25,21:06:55,-07:00,2026-04-25T21:06:55-07:00,2,0
global.js,53,js,a38af537,Rishvik,2026-04-25,21:06:55,-07:00,2026-04-25T21:06:55-07:00,0,0
global.js,54,js,a38af537,Rishvik,2026-04-25,21:06:55,-07:00,2026-04-25T21:06:55-07:00,2,33
global.js,55,js,a38af537,Rishvik,2026-04-25,21:06:55,-07:00,2026-04-25T21:06:55-07:00,2,10
global.js,56,js,a38af537,Rishvik,2026-04-25,21:06:55,-07:00,2026-04-25T21:06:55-07:00,1,15
global.js,57,js,a38af537,Rishvik,2026-04-25,21:06:55,-07:00,2026-04-25T21:06:55-07:00,2,59
global.js,58,js,a38af537,Rishvik,2026-04-25,21:06:55,-07:00,2026-04-25T21:06:55-07:00,2,10
global.js,59,js,a38af537,Rishvik,2026-04-25,21:06:55,-07:00,2026-04-25T21:06:55-07:00,1,0
global.js,60,js,a38af537,Rishvik,2026-04-25,21:06:55,-07:00,2026-04-25T21:06:55-07:00,0,0
global.js,61,js,a38af537,Rishvik,2026-04-25,21:06:55,-07:00,2026-04-25T21:06:55-07:00,0,0
global.js,62,js,a38af537,Rishvik,2026-04-25,21:06:55,-07:00,2026-04-25T21:06:55-07:00,0,79
global.js,63,js,a38af537,Rishvik,2026-04-25,21:06:55,-07:00,2026-04-25T21:06:55-07:00,1,22
global.js,64,js,a38af537,Rishvik,2026-04-25,21:06:55,-07:00,2026-04-25T21:06:55-07:00,2,5
global.js,65,js,a38af537,Rishvik,2026-04-25,21:06:55,-07:00,2026-04-25T21:06:55-07:00,1,0
global.js,66,js,a38af537,Rishvik,2026-04-25,21:06:55,-07:00,2026-04-25T21:06:55-07:00,0,0
global.js,67,js,a38af537,Rishvik,2026-04-25,21:06:55,-07:00,2026-04-25T21:06:55-07:00,1,30
global.js,68,js,a38af537,Rishvik,2026-04-25,21:06:55,-07:00,2026-04-25T21:06:55-07:00,0,0
global.js,69,js,a38af537,Rishvik,2026-04-25,21:06:55,-07:00,2026-04-25T21:06:55-07:00,1,54
global.js,70,js,a38af537,Rishvik,2026-04-25,21:06:55,-07:00,2026-04-25T21:06:55-07:00,2,59
global.js,71,js,a38af537,Rishvik,2026-04-25,21:06:55,-07:00,2026-04-25T21:06:55-07:00,2,5
global.js,72,js,a38af537,Rishvik,2026-04-25,21:06:55,-07:00,2026-04-25T21:06:55-07:00,1,0
global.js,73,js,a38af537,Rishvik,2026-04-25,21:06:55,-07:00,2026-04-25T21:06:55-07:00,0,0
global.js,74,js,a38af537,Rishvik,2026-04-25,21:06:55,-07:00,2026-04-25T21:06:55-07:00,1,71
global.js,75,js,a38af537,Rishvik,2026-04-25,21:06:55,-07:00,2026-04-25T21:06:55-07:00,0,0
global.js,76,js,a38af537,Rishvik,2026-04-25,21:06:55,-07:00,2026-04-25T21:06:55-07:00,1,31
global.js,77,js,a38af537,Rishvik,2026-04-25,21:06:55,-07:00,2026-04-25T21:06:55-07:00,2,48
global.js,78,js,a38af537,Rishvik,2026-04-25,21:06:55,-07:00,2026-04-25T21:06:55-07:00,2,33
global.js,79,js,a38af537,Rishvik,2026-04-25,21:06:55,-07:00,2026-04-25T21:06:55-07:00,0,0
global.js,80,js,a38af537,Rishvik,2026-04-25,21:06:55,-07:00,2026-04-25T21:06:55-07:00,2,51
global.js,81,js,a38af537,Rishvik,2026-04-25,21:06:55,-07:00,2026-04-25T21:06:55-07:00,2,56
global.js,82,js,a38af537,Rishvik,2026-04-25,21:06:55,-07:00,2026-04-25T21:06:55-07:00,0,0
global.js,83,js,a38af537,Rishvik,2026-04-25,21:06:55,-07:00,2026-04-25T21:06:55-07:00,2,42
global.js,84,js,a38af537,Rishvik,2026-04-25,21:06:55,-07:00,2026-04-25T21:06:55-07:00,2,9
global.js,85,js,a38af537,Rishvik,2026-04-25,21:06:55,-07:00,2026-04-25T21:06:55-07:00,3,71
global.js,86,js,a38af537,Rishvik,2026-04-25,21:06:55,-07:00,2026-04-25T21:06:55-07:00,2,43
global.js,87,js,a38af537,Rishvik,2026-04-25,21:06:55,-07:00,2026-04-25T21:06:55-07:00,2,21
global.js,88,js,a38af537,Rishvik,2026-04-25,21:06:55,-07:00,2026-04-25T21:06:55-07:00,0,0
global.js,89,js,fc150b8d,Rishvik,2026-05-02,23:04:03,-07:00,2026-05-02T23:04:03-07:00,2,46
global.js,90,js,fc150b8d,Rishvik,2026-05-02,23:04:03,-07:00,2026-05-02T23:04:03-07:00,2,35
global.js,91,js,fc150b8d,Rishvik,2026-05-02,23:04:03,-07:00,2026-05-02T23:04:03-07:00,0,0
global.js,92,js,a38af537,Rishvik,2026-04-25,21:06:55,-07:00,2026-04-25T21:06:55-07:00,2,46
global.js,93,js,a38af537,Rishvik,2026-04-25,21:06:55,-07:00,2026-04-25T21:06:55-07:00,2,50
global.js,94,js,fc150b8d,Rishvik,2026-05-02,23:04:03,-07:00,2026-05-02T23:04:03-07:00,2,33
global.js,95,js,fc150b8d,Rishvik,2026-05-02,23:04:03,-07:00,2026-05-02T23:04:03-07:00,0,0
global.js,96,js,fc150b8d,Rishvik,2026-05-02,23:04:03,-07:00,2026-05-02T23:04:03-07:00,2,17
global.js,97,js,fc150b8d,Rishvik,2026-05-02,23:04:03,-07:00,2026-05-02T23:04:03-07:00,3,41
global.js,98,js,fc150b8d,Rishvik,2026-05-02,23:04:03,-07:00,2026-05-02T23:04:03-07:00,3,32
global.js,99,js,fc150b8d,Rishvik,2026-05-02,23:04:03,-07:00,2026-05-02T23:04:03-07:00,3,32
global.js,100,js,fc150b8d,Rishvik,2026-05-02,23:04:03,-07:00,2026-05-02T23:04:03-07:00,3,28
global.js,101,js,fc150b8d,Rishvik,2026-05-02,23:04:03,-07:00,2026-05-02T23:04:03-07:00,2,0
global.js,102,js,a38af537,Rishvik,2026-04-25,21:06:55,-07:00,2026-04-25T21:06:55-07:00,0,0
global.js,103,js,fc150b8d,Rishvik,2026-05-02,23:04:03,-07:00,2026-05-02T23:04:03-07:00,2,40
global.js,104,js,a38af537,Rishvik,2026-04-25,21:06:55,-07:00,2026-04-25T21:06:55-07:00,2,36
global.js,105,js,a38af537,Rishvik,2026-04-25,21:06:55,-07:00,2026-04-25T21:06:55-07:00,1,0
global.js,106,js,a38af537,Rishvik,2026-04-25,21:06:55,-07:00,2026-04-25T21:06:55-07:00,0,0
global.js,107,js,a38af537,Rishvik,2026-04-25,21:06:55,-07:00,2026-04-25T21:06:55-07:00,0,0
global.js,108,js,a38af537,Rishvik,2026-04-25,21:06:55,-07:00,2026-04-25T21:06:55-07:00,0,47
global.js,109,js,a38af537,Rishvik,2026-04-25,21:06:55,-07:00,2026-04-25T21:06:55-07:00,1,59
global.js,110,js,a38af537,Rishvik,2026-04-25,21:06:55,-07:00,2026-04-25T21:06:55-07:00,0,0
global.js,111,js,a38af537,Rishvik,2026-04-25,21:06:55,-07:00,2026-04-25T21:06:55-07:00,0,0
global.js,112,js,a38af537,Rishvik,2026-04-25,21:06:55,-07:00,2026-04-25T21:06:55-07:00,0,31
global.js,113,js,a38af537,Rishvik,2026-04-25,21:06:55,-07:00,2026-04-25T21:06:55-07:00,1,11
global.js,114,js,a38af537,Rishvik,2026-04-25,21:06:55,-07:00,2026-04-25T21:06:55-07:00,1,33
global.js,115,js,a38af537,Rishvik,2026-04-25,21:06:55,-07:00,2026-04-25T21:06:55-07:00,2,6
global.js,116,js,a38af537,Rishvik,2026-04-25,21:06:55,-07:00,2026-04-25T21:06:55-07:00,3,43
global.js,117,js,a38af537,Rishvik,2026-04-25,21:06:55,-07:00,2026-04-25T21:06:55-07:00,3,34
global.js,118,js,a38af537,Rishvik,2026-04-25,21:06:55,-07:00,2026-04-25T21:06:55-07:00,3,32
global.js,119,js,a38af537,Rishvik,2026-04-25,21:06:55,-07:00,2026-04-25T21:06:55-07:00,2,7
global.js,120,js,a38af537,Rishvik,2026-04-25,21:06:55,-07:00,2026-04-25T21:06:55-07:00,1,8
global.js,121,js,a38af537,Rishvik,2026-04-25,21:06:55,-07:00,2026-04-25T21:06:55-07:00,0,0
global.js,122,js,a38af537,Rishvik,2026-04-25,21:06:55,-07:00,2026-04-25T21:06:55-07:00,0,0
global.js,123,js,a38af537,Rishvik,2026-04-25,21:06:55,-07:00,2026-04-25T21:06:55-07:00,0,60
global.js,124,js,a38af537,Rishvik,2026-04-25,21:06:55,-07:00,2026-04-25T21:06:55-07:00,0,0
global.js,125,js,a38af537,Rishvik,2026-04-25,21:06:55,-07:00,2026-04-25T21:06:55-07:00,0,34
global.js,126,js,a38af537,Rishvik,2026-04-25,21:06:55,-07:00,2026-04-25T21:06:55-07:00,1,43
global.js,127,js,a38af537,Rishvik,2026-04-25,21:06:55,-07:00,2026-04-25T21:06:55-07:00,1,70
global.js,128,js,a38af537,Rishvik,2026-04-25,21:06:55,-07:00,2026-04-25T21:06:55-07:00,1,25
global.js,129,js,a38af537,Rishvik,2026-04-25,21:06:55,-07:00,2026-04-25T21:06:55-07:00,0,0
global.js,130,js,a38af537,Rishvik,2026-04-25,21:06:55,-07:00,2026-04-25T21:06:55-07:00,0,0
global.js,131,js,a38af537,Rishvik,2026-04-25,21:06:55,-07:00,2026-04-25T21:06:55-07:00,0,43
global.js,132,js,a38af537,Rishvik,2026-04-25,21:06:55,-07:00,2026-04-25T21:06:55-07:00,1,37
global.js,133,js,a38af537,Rishvik,2026-04-25,21:06:55,-07:00,2026-04-25T21:06:55-07:00,1,70
global.js,134,js,a38af537,Rishvik,2026-04-25,21:06:55,-07:00,2026-04-25T21:06:55-07:00,1,37
global.js,135,js,a38af537,Rishvik,2026-04-25,21:06:55,-07:00,2026-04-25T21:06:55-07:00,0,1
projects/projects.js,1,js,fc150b8d,Rishvik,2026-05-02,23:04:03,-07:00,2026-05-02T23:04:03-07:00,0,63
projects/projects.js,2,js,4ececad0,Rishvik,2026-05-02,23:07:43,-07:00,2026-05-02T23:07:43-07:00,0,59
projects/projects.js,3,js,a38af537,Rishvik,2026-04-25,21:06:55,-07:00,2026-04-25T21:06:55-07:00,0,0
projects/projects.js,4,js,fc150b8d,Rishvik,2026-05-02,23:04:03,-07:00,2026-05-02T23:04:03-07:00,0,66
projects/projects.js,5,js,a38af537,Rishvik,2026-04-25,21:06:55,-07:00,2026-04-25T21:06:55-07:00,0,60
projects/projects.js,6,js,fc150b8d,Rishvik,2026-05-02,23:04:03,-07:00,2026-05-02T23:04:03-07:00,0,62
projects/projects.js,7,js,fc150b8d,Rishvik,2026-05-02,23:04:03,-07:00,2026-05-02T23:04:03-07:00,0,55
projects/projects.js,8,js,a38af537,Rishvik,2026-04-25,21:06:55,-07:00,2026-04-25T21:06:55-07:00,0,0
projects/projects.js,9,js,fc150b8d,Rishvik,2026-05-02,23:04:03,-07:00,2026-05-02T23:04:03-07:00,0,13
projects/projects.js,10,js,fc150b8d,Rishvik,2026-05-02,23:04:03,-07:00,2026-05-02T23:04:03-07:00,0,21
projects/projects.js,11,js,fc150b8d,Rishvik,2026-05-02,23:04:03,-07:00,2026-05-02T23:04:03-07:00,0,84
projects/projects.js,12,js,fc150b8d,Rishvik,2026-05-02,23:04:03,-07:00,2026-05-02T23:04:03-07:00,0,22
projects/projects.js,13,js,a38af537,Rishvik,2026-04-25,21:06:55,-07:00,2026-04-25T21:06:55-07:00,0,0
projects/projects.js,14,js,fc150b8d,Rishvik,2026-05-02,23:04:03,-07:00,2026-05-02T23:04:03-07:00,0,28
projects/projects.js,15,js,fc150b8d,Rishvik,2026-05-02,23:04:03,-07:00,2026-05-02T23:04:03-07:00,1,18
projects/projects.js,16,js,fc150b8d,Rishvik,2026-05-02,23:04:03,-07:00,2026-05-02T23:04:03-07:00,2,17
projects/projects.js,17,js,fc150b8d,Rishvik,2026-05-02,23:04:03,-07:00,2026-05-02T23:04:03-07:00,1,0
projects/projects.js,18,js,fc150b8d,Rishvik,2026-05-02,23:04:03,-07:00,2026-05-02T23:04:03-07:00,1,28
projects/projects.js,19,js,fc150b8d,Rishvik,2026-05-02,23:04:03,-07:00,2026-05-02T23:04:03-07:00,1,38
projects/projects.js,20,js,fc150b8d,Rishvik,2026-05-02,23:04:03,-07:00,2026-05-02T23:04:03-07:00,2,61
projects/projects.js,21,js,fc150b8d,Rishvik,2026-05-02,23:04:03,-07:00,2026-05-02T23:04:03-07:00,2,24
projects/projects.js,22,js,fc150b8d,Rishvik,2026-05-02,23:04:03,-07:00,2026-05-02T23:04:03-07:00,1,1
projects/projects.js,23,js,fc150b8d,Rishvik,2026-05-02,23:04:03,-07:00,2026-05-02T23:04:03-07:00,0,0
projects/projects.js,24,js,fc150b8d,Rishvik,2026-05-02,23:04:03,-07:00,2026-05-02T23:04:03-07:00,0,0
projects/projects.js,25,js,fc150b8d,Rishvik,2026-05-02,23:04:03,-07:00,2026-05-02T23:04:03-07:00,0,97
projects/projects.js,26,js,fc150b8d,Rishvik,2026-05-02,23:04:03,-07:00,2026-05-02T23:04:03-07:00,0,45
projects/projects.js,27,js,fc150b8d,Rishvik,2026-05-02,23:04:03,-07:00,2026-05-02T23:04:03-07:00,1,48
projects/projects.js,28,js,fc150b8d,Rishvik,2026-05-02,23:04:03,-07:00,2026-05-02T23:04:03-07:00,2,20
projects/projects.js,29,js,fc150b8d,Rishvik,2026-05-02,23:04:03,-07:00,2026-05-02T23:04:03-07:00,1,0
projects/projects.js,30,js,fc150b8d,Rishvik,2026-05-02,23:04:03,-07:00,2026-05-02T23:04:03-07:00,1,40
projects/projects.js,31,js,fc150b8d,Rishvik,2026-05-02,23:04:03,-07:00,2026-05-02T23:04:03-07:00,1,9
projects/projects.js,32,js,fc150b8d,Rishvik,2026-05-02,23:04:03,-07:00,2026-05-02T23:04:03-07:00,2,20
projects/projects.js,33,js,fc150b8d,Rishvik,2026-05-02,23:04:03,-07:00,2026-05-02T23:04:03-07:00,1,0
projects/projects.js,34,js,fc150b8d,Rishvik,2026-05-02,23:04:03,-07:00,2026-05-02T23:04:03-07:00,1,27
projects/projects.js,35,js,fc150b8d,Rishvik,2026-05-02,23:04:03,-07:00,2026-05-02T23:04:03-07:00,2,42
projects/projects.js,36,js,fc150b8d,Rishvik,2026-05-02,23:04:03,-07:00,2026-05-02T23:04:03-07:00,1,0
projects/projects.js,37,js,fc150b8d,Rishvik,2026-05-02,23:04:03,-07:00,2026-05-02T23:04:03-07:00,0,0
projects/projects.js,38,js,fc150b8d,Rishvik,2026-05-02,23:04:03,-07:00,2026-05-02T23:04:03-07:00,0,0
projects/projects.js,39,js,fc150b8d,Rishvik,2026-05-02,23:04:03,-07:00,2026-05-02T23:04:03-07:00,0,36
projects/projects.js,40,js,fc150b8d,Rishvik,2026-05-02,23:04:03,-07:00,2026-05-02T23:04:03-07:00,1,48
projects/projects.js,41,js,fc150b8d,Rishvik,2026-05-02,23:04:03,-07:00,2026-05-02T23:04:03-07:00,2,60
projects/projects.js,42,js,fc150b8d,Rishvik,2026-05-02,23:04:03,-07:00,2026-05-02T23:04:03-07:00,1,0
projects/projects.js,43,js,fc150b8d,Rishvik,2026-05-02,23:04:03,-07:00,2026-05-02T23:04:03-07:00,0,0
projects/projects.js,44,js,fc150b8d,Rishvik,2026-05-02,23:04:03,-07:00,2026-05-02T23:04:03-07:00,0,0
projects/projects.js,45,js,fc150b8d,Rishvik,2026-05-02,23:04:03,-07:00,2026-05-02T23:04:03-07:00,0,34
projects/projects.js,46,js,fc150b8d,Rishvik,2026-05-02,23:04:03,-07:00,2026-05-02T23:04:03-07:00,1,41
projects/projects.js,47,js,fc150b8d,Rishvik,2026-05-02,23:04:03,-07:00,2026-05-02T23:04:03-07:00,1,53
projects/projects.js,48,js,fc150b8d,Rishvik,2026-05-02,23:04:03,-07:00,2026-05-02T23:04:03-07:00,1,49
projects/projects.js,49,js,fc150b8d,Rishvik,2026-05-02,23:04:03,-07:00,2026-05-02T23:04:03-07:00,1,28
projects/projects.js,50,js,fc150b8d,Rishvik,2026-05-02,23:04:03,-07:00,2026-05-02T23:04:03-07:00,0,0
projects/projects.js,51,js,fc150b8d,Rishvik,2026-05-02,23:04:03,-07:00,2026-05-02T23:04:03-07:00,0,0
projects/projects.js,52,js,fc150b8d,Rishvik,2026-05-02,23:04:03,-07:00,2026-05-02T23:04:03-07:00,0,32
projects/projects.js,53,js,fc150b8d,Rishvik,2026-05-02,23:04:03,-07:00,2026-05-02T23:04:03-07:00,1,42
projects/projects.js,54,js,fc150b8d,Rishvik,2026-05-02,23:04:03,-07:00,2026-05-02T23:04:03-07:00,1,1
projects/projects.js,55,js,fc150b8d,Rishvik,2026-05-02,23:04:03,-07:00,2026-05-02T23:04:03-07:00,2,16
projects/projects.js,56,js,fc150b8d,Rishvik,2026-05-02,23:04:03,-07:00,2026-05-02T23:04:03-07:00,2,66
projects/projects.js,57,js,fc150b8d,Rishvik,2026-05-02,23:04:03,-07:00,2026-05-02T23:04:03-07:00,0,0
projects/projects.js,58,js,fc150b8d,Rishvik,2026-05-02,23:04:03,-07:00,2026-05-02T23:04:03-07:00,1,34
projects/projects.js,59,js,fc150b8d,Rishvik,2026-05-02,23:04:03,-07:00,2026-05-02T23:04:03-07:00,1,4
projects/projects.js,60,js,fc150b8d,Rishvik,2026-05-02,23:04:03,-07:00,2026-05-02T23:04:03-07:00,2,14
projects/projects.js,61,js,fc150b8d,Rishvik,2026-05-02,23:04:03,-07:00,2026-05-02T23:04:03-07:00,2,22
projects/projects.js,62,js,fc150b8d,Rishvik,2026-05-02,23:04:03,-07:00,2026-05-02T23:04:03-07:00,3,57
projects/projects.js,63,js,fc150b8d,Rishvik,2026-05-02,23:04:03,-07:00,2026-05-02T23:04:03-07:00,2,0
projects/projects.js,64,js,a38af537,Rishvik,2026-04-25,21:06:55,-07:00,2026-04-25T21:06:55-07:00,0,0
projects/projects.js,65,js,fc150b8d,Rishvik,2026-05-02,23:04:03,-07:00,2026-05-02T23:04:03-07:00,0,0
projects/projects.js,66,js,fc150b8d,Rishvik,2026-05-02,23:04:03,-07:00,2026-05-02T23:04:03-07:00,0,43
projects/projects.js,67,js,fc150b8d,Rishvik,2026-05-02,23:04:03,-07:00,2026-05-02T23:04:03-07:00,1,61
projects/projects.js,68,js,fc150b8d,Rishvik,2026-05-02,23:04:03,-07:00,2026-05-02T23:04:03-07:00,1,22
projects/projects.js,69,js,fc150b8d,Rishvik,2026-05-02,23:04:03,-07:00,2026-05-02T23:04:03-07:00,1,24
projects/projects.js,70,js,fc150b8d,Rishvik,2026-05-02,23:04:03,-07:00,2026-05-02T23:04:03-07:00,0,0
projects/projects.js,71,js,fc150b8d,Rishvik,2026-05-02,23:04:03,-07:00,2026-05-02T23:04:03-07:00,0,0
projects/projects.js,72,js,fc150b8d,Rishvik,2026-05-02,23:04:03,-07:00,2026-05-02T23:04:03-07:00,0,41
projects/projects.js,73,js,fc150b8d,Rishvik,2026-05-02,23:04:03,-07:00,2026-05-02T23:04:03-07:00,1,42
projects/projects.js,74,js,fc150b8d,Rishvik,2026-05-02,23:04:03,-07:00,2026-05-02T23:04:03-07:00,1,29
projects/projects.js,75,js,fc150b8d,Rishvik,2026-05-02,23:04:03,-07:00,2026-05-02T23:04:03-07:00,0,0
projects/projects.js,76,js,fc150b8d,Rishvik,2026-05-02,23:04:03,-07:00,2026-05-02T23:04:03-07:00,1,34
projects/projects.js,77,js,fc150b8d,Rishvik,2026-05-02,23:04:03,-07:00,2026-05-02T23:04:03-07:00,1,30
projects/projects.js,78,js,fc150b8d,Rishvik,2026-05-02,23:04:03,-07:00,2026-05-02T23:04:03-07:00,0,0
projects/projects.js,79,js,fc150b8d,Rishvik,2026-05-02,23:04:03,-07:00,2026-05-02T23:04:03-07:00,1,18
projects/projects.js,80,js,fc150b8d,Rishvik,2026-05-02,23:04:03,-07:00,2026-05-02T23:04:03-07:00,0,0
projects/projects.js,81,js,fc150b8d,Rishvik,2026-05-02,23:04:03,-07:00,2026-05-02T23:04:03-07:00,1,70
projects/projects.js,82,js,fc150b8d,Rishvik,2026-05-02,23:04:03,-07:00,2026-05-02T23:04:03-07:00,2,22
projects/projects.js,83,js,fc150b8d,Rishvik,2026-05-02,23:04:03,-07:00,2026-05-02T23:04:03-07:00,2,24
projects/projects.js,84,js,fc150b8d,Rishvik,2026-05-02,23:04:03,-07:00,2026-05-02T23:04:03-07:00,2,5
projects/projects.js,85,js,fc150b8d,Rishvik,2026-05-02,23:04:03,-07:00,2026-05-02T23:04:03-07:00,1,0
projects/projects.js,86,js,fc150b8d,Rishvik,2026-05-02,23:04:03,-07:00,2026-05-02T23:04:03-07:00,0,0
projects/projects.js,87,js,fc150b8d,Rishvik,2026-05-02,23:04:03,-07:00,2026-05-02T23:04:03-07:00,1,28
projects/projects.js,88,js,fc150b8d,Rishvik,2026-05-02,23:04:03,-07:00,2026-05-02T23:04:03-07:00,2,15
projects/projects.js,89,js,fc150b8d,Rishvik,2026-05-02,23:04:03,-07:00,2026-05-02T23:04:03-07:00,2,14
projects/projects.js,90,js,fc150b8d,Rishvik,2026-05-02,23:04:03,-07:00,2026-05-02T23:04:03-07:00,2,12
projects/projects.js,91,js,fc150b8d,Rishvik,2026-05-02,23:04:03,-07:00,2026-05-02T23:04:03-07:00,1,0
projects/projects.js,92,js,fc150b8d,Rishvik,2026-05-02,23:04:03,-07:00,2026-05-02T23:04:03-07:00,1,66
projects/projects.js,93,js,fc150b8d,Rishvik,2026-05-02,23:04:03,-07:00,2026-05-02T23:04:03-07:00,0,0
projects/projects.js,94,js,fc150b8d,Rishvik,2026-05-02,23:04:03,-07:00,2026-05-02T23:04:03-07:00,1,47
projects/projects.js,95,js,fc150b8d,Rishvik,2026-05-02,23:04:03,-07:00,2026-05-02T23:04:03-07:00,2,11
projects/projects.js,96,js,fc150b8d,Rishvik,2026-05-02,23:04:03,-07:00,2026-05-02T23:04:03-07:00,2,18
projects/projects.js,97,js,fc150b8d,Rishvik,2026-05-02,23:04:03,-07:00,2026-05-02T23:04:03-07:00,1,2
projects/projects.js,98,js,fc150b8d,Rishvik,2026-05-02,23:04:03,-07:00,2026-05-02T23:04:03-07:00,1,20
projects/projects.js,99,js,fc150b8d,Rishvik,2026-05-02,23:04:03,-07:00,2026-05-02T23:04:03-07:00,0,0
projects/projects.js,100,js,fc150b8d,Rishvik,2026-05-02,23:04:03,-07:00,2026-05-02T23:04:03-07:00,1,33
projects/projects.js,101,js,fc150b8d,Rishvik,2026-05-02,23:04:03,-07:00,2026-05-02T23:04:03-07:00,2,17
projects/projects.js,102,js,fc150b8d,Rishvik,2026-05-02,23:04:03,-07:00,2026-05-02T23:04:03-07:00,1,0
projects/projects.js,103,js,fc150b8d,Rishvik,2026-05-02,23:04:03,-07:00,2026-05-02T23:04:03-07:00,0,0
projects/projects.js,104,js,fc150b8d,Rishvik,2026-05-02,23:04:03,-07:00,2026-05-02T23:04:03-07:00,1,59
projects/projects.js,105,js,fc150b8d,Rishvik,2026-05-02,23:04:03,-07:00,2026-05-02T23:04:03-07:00,1,52
projects/projects.js,106,js,fc150b8d,Rishvik,2026-05-02,23:04:03,-07:00,2026-05-02T23:04:03-07:00,1,35
projects/projects.js,107,js,fc150b8d,Rishvik,2026-05-02,23:04:03,-07:00,2026-05-02T23:04:03-07:00,1,47
projects/projects.js,108,js,fc150b8d,Rishvik,2026-05-02,23:04:03,-07:00,2026-05-02T23:04:03-07:00,1,49
projects/projects.js,109,js,fc150b8d,Rishvik,2026-05-02,23:04:03,-07:00,2026-05-02T23:04:03-07:00,0,0
projects/projects.js,110,js,fc150b8d,Rishvik,2026-05-02,23:04:03,-07:00,2026-05-02T23:04:03-07:00,1,24
projects/projects.js,111,js,fc150b8d,Rishvik,2026-05-02,23:04:03,-07:00,2026-05-02T23:04:03-07:00,2,1
projects/projects.js,112,js,fc150b8d,Rishvik,2026-05-02,23:04:03,-07:00,2026-05-02T23:04:03-07:00,3,13
projects/projects.js,113,js,fc150b8d,Rishvik,2026-05-02,23:04:03,-07:00,2026-05-02T23:04:03-07:00,3,13
projects/projects.js,114,js,fc150b8d,Rishvik,2026-05-02,23:04:03,-07:00,2026-05-02T23:04:03-07:00,3,22
projects/projects.js,115,js,fc150b8d,Rishvik,2026-05-02,23:04:03,-07:00,2026-05-02T23:04:03-07:00,3,44
projects/projects.js,116,js,fc150b8d,Rishvik,2026-05-02,23:04:03,-07:00,2026-05-02T23:04:03-07:00,1,1
projects/projects.js,117,js,fc150b8d,Rishvik,2026-05-02,23:04:03,-07:00,2026-05-02T23:04:03-07:00,0,0
projects/projects.js,118,js,fc150b8d,Rishvik,2026-05-02,23:04:03,-07:00,2026-05-02T23:04:03-07:00,1,24
projects/projects.js,119,js,fc150b8d,Rishvik,2026-05-02,23:04:03,-07:00,2026-05-02T23:04:03-07:00,2,4
projects/projects.js,120,js,fc150b8d,Rishvik,2026-05-02,23:04:03,-07:00,2026-05-02T23:04:03-07:00,3,11
projects/projects.js,121,js,fc150b8d,Rishvik,2026-05-02,23:04:03,-07:00,2026-05-02T23:04:03-07:00,3,26
projects/projects.js,122,js,fc150b8d,Rishvik,2026-05-02,23:04:03,-07:00,2026-05-02T23:04:03-07:00,3,38
projects/projects.js,123,js,fc150b8d,Rishvik,2026-05-02,23:04:03,-07:00,2026-05-02T23:04:03-07:00,3,4
projects/projects.js,124,js,fc150b8d,Rishvik,2026-05-02,23:04:03,-07:00,2026-05-02T23:04:03-07:00,4,62
projects/projects.js,125,js,fc150b8d,Rishvik,2026-05-02,23:04:03,-07:00,2026-05-02T23:04:03-07:00,3,0
projects/projects.js,126,js,fc150b8d,Rishvik,2026-05-02,23:04:03,-07:00,2026-05-02T23:04:03-07:00,3,46
projects/projects.js,127,js,fc150b8d,Rishvik,2026-05-02,23:04:03,-07:00,2026-05-02T23:04:03-07:00,1,1
projects/projects.js,128,js,fc150b8d,Rishvik,2026-05-02,23:04:03,-07:00,2026-05-02T23:04:03-07:00,0,0
projects/projects.js,129,js,fc150b8d,Rishvik,2026-05-02,23:04:03,-07:00,2026-05-02T23:04:03-07:00,1,22
projects/projects.js,130,js,fc150b8d,Rishvik,2026-05-02,23:04:03,-07:00,2026-05-02T23:04:03-07:00,1,24
projects/projects.js,131,js,fc150b8d,Rishvik,2026-05-02,23:04:03,-07:00,2026-05-02T23:04:03-07:00,0,0
projects/projects.js,132,js,fc150b8d,Rishvik,2026-05-02,23:04:03,-07:00,2026-05-02T23:04:03-07:00,0,0
projects/projects.js,133,js,fc150b8d,Rishvik,2026-05-02,23:04:03,-07:00,2026-05-02T23:04:03-07:00,0,48
projects/projects.js,134,js,fc150b8d,Rishvik,2026-05-02,23:04:03,-07:00,2026-05-02T23:04:03-07:00,1,25
projects/projects.js,135,js,fc150b8d,Rishvik,2026-05-02,23:04:03,-07:00,2026-05-02T23:04:03-07:00,1,17
projects/projects.js,136,js,fc150b8d,Rishvik,2026-05-02,23:04:03,-07:00,2026-05-02T23:04:03-07:00,1,34
projects/projects.js,137,js,fc150b8d,Rishvik,2026-05-02,23:04:03,-07:00,2026-05-02T23:04:03-07:00,0,1
projects/projects.js,138,js,fc150b8d,Rishvik,2026-05-02,23:04:03,-07:00,2026-05-02T23:04:03-07:00,0,0
projects/projects.js,139,js,fc150b8d,Rishvik,2026-05-02,23:04:03,-07:00,2026-05-02T23:04:03-07:00,0,34
projects/index.html,1,html,8f7d30c0,Rishvik,2026-04-03,23:06:22,-07:00,2026-04-03T23:06:22-07:00,0,13
projects/index.html,2,html,8f7d30c0,Rishvik,2026-04-03,23:06:22,-07:00,2026-04-03T23:06:22-07:00,0,14
projects/index.html,3,html,8f7d30c0,Rishvik,2026-04-03,23:06:22,-07:00,2026-04-03T23:06:22-07:00,0,4
projects/index.html,4,html,8f7d30c0,Rishvik,2026-04-03,23:06:22,-07:00,2026-04-03T23:06:22-07:00,2,20
projects/index.html,5,html,8f7d30c0,Rishvik,2026-04-03,23:06:22,-07:00,2026-04-03T23:06:22-07:00,2,68
projects/index.html,6,html,cced16f0,Rishvik,2026-04-10,23:23:22,-07:00,2026-04-10T23:23:22-07:00,2,50
projects/index.html,7,html,4ececad0,Rishvik,2026-05-02,23:07:43,-07:00,2026-05-02T23:07:43-07:00,2,45
projects/index.html,8,html,8f7d30c0,Rishvik,2026-04-03,23:06:22,-07:00,2026-04-03T23:06:22-07:00,2,21
projects/index.html,9,html,8f7d30c0,Rishvik,2026-04-03,23:06:22,-07:00,2026-04-03T23:06:22-07:00,0,5
projects/index.html,10,html,8f7d30c0,Rishvik,2026-04-03,23:06:22,-07:00,2026-04-03T23:06:22-07:00,0,4
projects/index.html,11,html,8f7d30c0,Rishvik,2026-04-03,23:06:22,-07:00,2026-04-03T23:06:22-07:00,2,21
projects/index.html,12,html,123df006,Rishvik,2026-04-10,23:13:53,-07:00,2026-04-10T23:13:53-07:00,4,35
projects/index.html,13,html,a38af537,Rishvik,2026-04-25,21:06:55,-07:00,2026-04-25T21:06:55-07:00,6,41
projects/index.html,14,html,123df006,Rishvik,2026-04-10,23:13:53,-07:00,2026-04-10T23:13:53-07:00,6,90
projects/index.html,15,html,123df006,Rishvik,2026-04-10,23:13:53,-07:00,2026-04-10T23:13:53-07:00,4,7
projects/index.html,16,html,fc150b8d,Rishvik,2026-05-02,23:04:03,-07:00,2026-05-02T23:04:03-07:00,4,33
projects/index.html,17,html,fc150b8d,Rishvik,2026-05-02,23:04:03,-07:00,2026-05-02T23:04:03-07:00,6,58
projects/index.html,18,html,fc150b8d,Rishvik,2026-05-02,23:04:03,-07:00,2026-05-02T23:04:03-07:00,6,22
projects/index.html,19,html,fc150b8d,Rishvik,2026-05-02,23:04:03,-07:00,2026-05-02T23:04:03-07:00,4,4
projects/index.html,20,html,fc150b8d,Rishvik,2026-05-02,23:04:03,-07:00,2026-05-02T23:04:03-07:00,4,4
projects/index.html,21,html,fc150b8d,Rishvik,2026-05-02,23:04:03,-07:00,2026-05-02T23:04:03-07:00,6,15
projects/index.html,22,html,fc150b8d,Rishvik,2026-05-02,23:04:03,-07:00,2026-05-02T23:04:03-07:00,6,11
projects/index.html,23,html,fc150b8d,Rishvik,2026-05-02,23:04:03,-07:00,2026-05-02T23:04:03-07:00,6,26
projects/index.html,24,html,fc150b8d,Rishvik,2026-05-02,23:04:03,-07:00,2026-05-02T23:04:03-07:00,6,31
projects/index.html,25,html,fc150b8d,Rishvik,2026-05-02,23:04:03,-07:00,2026-05-02T23:04:03-07:00,4,0
projects/index.html,26,html,a38af537,Rishvik,2026-04-25,21:06:55,-07:00,2026-04-25T21:06:55-07:00,4,26
projects/index.html,27,html,8f7d30c0,Rishvik,2026-04-03,23:06:22,-07:00,2026-04-03T23:06:22-07:00,2,8
projects/index.html,28,html,4ececad0,Rishvik,2026-05-02,23:07:43,-07:00,2026-05-02T23:07:43-07:00,2,51
projects/index.html,29,html,8f7d30c0,Rishvik,2026-04-03,23:06:22,-07:00,2026-04-03T23:06:22-07:00,0,5
projects/index.html,30,html,8f7d30c0,Rishvik,2026-04-03,23:06:22,-07:00,2026-04-03T23:06:22-07:00,0,5
contact/index.html,1,html,8f7d30c0,Rishvik,2026-04-03,23:06:22,-07:00,2026-04-03T23:06:22-07:00,0,13
contact/index.html,2,html,8f7d30c0,Rishvik,2026-04-03,23:06:22,-07:00,2026-04-03T23:06:22-07:00,0,14
contact/index.html,3,html,8f7d30c0,Rishvik,2026-04-03,23:06:22,-07:00,2026-04-03T23:06:22-07:00,0,4
contact/index.html,4,html,8f7d30c0,Rishvik,2026-04-03,23:06:22,-07:00,2026-04-03T23:06:22-07:00,2,20
contact/index.html,5,html,8f7d30c0,Rishvik,2026-04-03,23:06:22,-07:00,2026-04-03T23:06:22-07:00,2,68
contact/index.html,6,html,4ececad0,Rishvik,2026-05-02,23:07:43,-07:00,2026-05-02T23:07:43-07:00,2,45
contact/index.html,7,html,8f7d30c0,Rishvik,2026-04-03,23:06:22,-07:00,2026-04-03T23:06:22-07:00,2,20
contact/index.html,8,html,8f7d30c0,Rishvik,2026-04-03,23:06:22,-07:00,2026-04-03T23:06:22-07:00,0,5
contact/index.html,9,html,8f7d30c0,Rishvik,2026-04-03,23:06:22,-07:00,2026-04-03T23:06:22-07:00,0,4
contact/index.html,10,html,8f7d30c0,Rishvik,2026-04-03,23:06:22,-07:00,2026-04-03T23:06:22-07:00,2,20
contact/index.html,11,html,8f7d30c0,Rishvik,2026-04-03,23:06:22,-07:00,2026-04-03T23:06:22-07:00,4,14
contact/index.html,12,html,8f7d30c0,Rishvik,2026-04-03,23:06:22,-07:00,2026-04-03T23:06:22-07:00,4,1
contact/index.html,13,html,8f7d30c0,Rishvik,2026-04-03,23:06:22,-07:00,2026-04-03T23:06:22-07:00,6,48
contact/index.html,14,html,8f7d30c0,Rishvik,2026-04-03,23:06:22,-07:00,2026-04-03T23:06:22-07:00,6,64
contact/index.html,15,html,8f7d30c0,Rishvik,2026-04-03,23:06:22,-07:00,2026-04-03T23:06:22-07:00,6,62
contact/index.html,16,html,8f7d30c0,Rishvik,2026-04-03,23:06:22,-07:00,2026-04-03T23:06:22-07:00,4,2
contact/index.html,17,html,8f7d30c0,Rishvik,2026-04-03,23:06:22,-07:00,2026-04-03T23:06:22-07:00,4,77
contact/index.html,18,html,8f7d30c0,Rishvik,2026-04-03,23:06:22,-07:00,2026-04-03T23:06:22-07:00,6,5
contact/index.html,19,html,8f7d30c0,Rishvik,2026-04-03,23:06:22,-07:00,2026-04-03T23:06:22-07:00,8,3
contact/index.html,20,html,8f7d30c0,Rishvik,2026-04-03,23:06:22,-07:00,2026-04-03T23:06:22-07:00,8,31
contact/index.html,21,html,8f7d30c0,Rishvik,2026-04-03,23:06:22,-07:00,2026-04-03T23:06:22-07:00,6,6
contact/index.html,22,html,8f7d30c0,Rishvik,2026-04-03,23:06:22,-07:00,2026-04-03T23:06:22-07:00,6,5
contact/index.html,23,html,8f7d30c0,Rishvik,2026-04-03,23:06:22,-07:00,2026-04-03T23:06:22-07:00,8,5
contact/index.html,24,html,8f7d30c0,Rishvik,2026-04-03,23:06:22,-07:00,2026-04-03T23:06:22-07:00,8,20
contact/index.html,25,html,8f7d30c0,Rishvik,2026-04-03,23:06:22,-07:00,2026-04-03T23:06:22-07:00,6,6
contact/index.html,26,html,8f7d30c0,Rishvik,2026-04-03,23:06:22,-07:00,2026-04-03T23:06:22-07:00,6,5
contact/index.html,27,html,8f7d30c0,Rishvik,2026-04-03,23:06:22,-07:00,2026-04-03T23:06:22-07:00,8,2
contact/index.html,28,html,8f7d30c0,Rishvik,2026-04-03,23:06:22,-07:00,2026-04-03T23:06:22-07:00,8,31
contact/index.html,29,html,8f7d30c0,Rishvik,2026-04-03,23:06:22,-07:00,2026-04-03T23:06:22-07:00,6,6
contact/index.html,30,html,8f7d30c0,Rishvik,2026-04-03,23:06:22,-07:00,2026-04-03T23:06:22-07:00,6,21
contact/index.html,31,html,8f7d30c0,Rishvik,2026-04-03,23:06:22,-07:00,2026-04-03T23:06:22-07:00,4,5
contact/index.html,32,html,8f7d30c0,Rishvik,2026-04-03,23:06:22,-07:00,2026-04-03T23:06:22-07:00,2,8
contact/index.html,33,html,4ececad0,Rishvik,2026-05-02,23:07:43,-07:00,2026-05-02T23:07:43-07:00,2,52
contact/index.html,34,html,8f7d30c0,Rishvik,2026-04-03,23:06:22,-07:00,2026-04-03T23:06:22-07:00,0,5
contact/index.html,35,html,8f7d30c0,Rishvik,2026-04-03,23:06:22,-07:00,2026-04-03T23:06:22-07:00,0,5
